Group,Category,AverageSize,AverageDeviation,PlaneSize
1,mutant_sax,59.41848167,9.404,2038.98255
1,mutant_sax,59.41848167,9.404,2038.98255
1,mutant_sax,59.41848167,9.404,2038.98255
1,mutant_sax,59.41848167,9.404,2038.98255
1,mutant_sax,59.41848167,9.404,2038.98255
1,mutant_sax,59.41848167,9.404,2038.98255
1,mutant_sax,59.41848167,9.404,2038.98255
1,mutant_sax,59.41848167,9.404,2038.98255
1,mutant_sax,59.41848167,9.404,2038.98255
1,mutant_sax,59.41848167,9.404,2038.98255
1,mutant_sax,59.41848167,9.404,2038.98255
1,mutant_sax,59.41848167,9.404,2038.98255
1,mutant_sax,59.41848167,9.404,2038.98255
1,mutant_sax,59.41848167,9.404,2038.98255
1,mutant_sax,59.41848167,9.404,2038.98255
1,mutant_sax,59.41848167,9.404,2038.98255
1,mutant_sax,59.41848167,9.404,2038.98255
1,mutant_sax,59.41848167,9.404,2038.98255
1,mutant_sax,59.41848167,9.404,2038.98255
1,mutant_sax,59.41848167,9.404,2038.98255
1,mutant_sax,59.41848167,9.404,2038.98255
1,mutant_sax,59.41848167,9.404,2038.98255
1,mutant_sax,59.41848167,9.404,2038.98255
2,mutant_sax,57.32094858,9.406,1992.63615
2,mutant_sax,57.32094858,9.406,1992.63615
2,mutant_sax,57.32094858,9.406,1992.63615
2,mutant_sax,57.32094858,9.406,1992.63615
2,mutant_sax,57.32094858,9.406,1992.63615
2,mutant_sax,57.32094858,9.406,1992.63615
2,mutant_sax,57.32094858,9.406,1992.63615
2,mutant_sax,57.32094858,9.406,1992.63615
2,mutant_sax,57.32094858,9.406,1992.63615
2,mutant_sax,57.32094858,9.406,1992.63615
2,mutant_sax,57.32094858,9.406,1992.63615
2,mutant_sax,57.32094858,9.406,1992.63615
2,mutant_sax,57.32094858,9.406,1992.63615
2,mutant_sax,57.32094858,9.406,1992.63615
2,mutant_sax,57.32094858,9.406,1992.63615
2,mutant_sax,57.32094858,9.406,1992.63615
2,mutant_sax,57.32094858,9.406,1992.63615
2,mutant_sax,57.32094858,9.406,1992.63615
2,mutant_sax,57.32094858,9.406,1992.63615
2,mutant_sax,57.32094858,9.406,1992.63615
2,mutant_sax,57.32094858,9.406,1992.63615
2,mutant_sax,57.32094858,9.406,1992.63615
2,mutant_sax,57.32094858,9.406,1992.63615
2,mutant_sax,57.32094858,9.406,1992.63615
4,mutant_sax,71.1576595,5.984,2964.54465
4,mutant_sax,71.1576595,5.984,2964.54465
4,mutant_sax,71.1576595,5.984,2964.54465
4,mutant_sax,71.1576595,5.984,2964.54465
4,mutant_sax,71.1576595,5.984,2964.54465
4,mutant_sax,71.1576595,5.984,2964.54465
4,mutant_sax,71.1576595,5.984,2964.54465
4,mutant_sax,71.1576595,5.984,2964.54465
4,mutant_sax,71.1576595,5.984,2964.54465
4,mutant_sax,71.1576595,5.984,2964.54465
4,mutant_sax,71.1576595,5.984,2964.54465
4,mutant_sax,71.1576595,5.984,2964.54465
4,mutant_sax,71.1576595,5.984,2964.54465
4,mutant_sax,71.1576595,5.984,2964.54465
4,mutant_sax,71.1576595,5.984,2964.54465
4,mutant_sax,71.1576595,5.984,2964.54465
4,mutant_sax,71.1576595,5.984,2964.54465
4,mutant_sax,71.1576595,5.984,2964.54465
4,mutant_sax,71.1576595,5.984,2964.54465
4,mutant_sax,71.1576595,5.984,2964.54465
4,mutant_sax,71.1576595,5.984,2964.54465
4,mutant_sax,71.1576595,5.984,2964.54465
4,mutant_sax,71.1576595,5.984,2964.54465
4,mutant_sax,71.1576595,5.984,2964.54465
4,mutant_sax,71.1576595,5.984,2964.54465
4,mutant_sax,71.1576595,5.984,2964.54465
4,mutant_sax,71.1576595,5.984,2964.54465
5,mutant_sax,77.40557917,6.984,2519.40255
5,mutant_sax,77.40557917,6.984,2519.40255
5,mutant_sax,77.40557917,6.984,2519.40255
5,mutant_sax,77.40557917,6.984,2519.40255
5,mutant_sax,77.40557917,6.984,2519.40255
5,mutant_sax,77.40557917,6.984,2519.40255
5,mutant_sax,77.40557917,6.984,2519.40255
5,mutant_sax,77.40557917,6.984,2519.40255
5,mutant_sax,77.40557917,6.984,2519.40255
5,mutant_sax,77.40557917,6.984,2519.40255
5,mutant_sax,77.40557917,6.984,2519.40255
5,mutant_sax,77.40557917,6.984,2519.40255
5,mutant_sax,77.40557917,6.984,2519.40255
5,mutant_sax,77.40557917,6.984,2519.40255
5,mutant_sax,77.40557917,6.984,2519.40255
5,mutant_sax,77.40557917,6.984,2519.40255
5,mutant_sax,77.40557917,6.984,2519.40255
5,mutant_sax,77.40557917,6.984,2519.40255
5,mutant_sax,77.40557917,6.984,2519.40255
5,mutant_sax,77.40557917,6.984,2519.40255
5,mutant_sax,77.40557917,6.984,2519.40255
5,mutant_sax,77.40557917,6.984,2519.40255
5,mutant_sax,77.40557917,6.984,2519.40255
5,mutant_sax,77.40557917,6.984,2519.40255
5,mutant_sax,77.40557917,6.984,2519.40255
7,mutant_sax,73.12360042,8.887,3516.2505
7,mutant_sax,73.12360042,8.887,3516.2505
7,mutant_sax,73.12360042,8.887,3516.2505
7,mutant_sax,73.12360042,8.887,3516.2505
7,mutant_sax,73.12360042,8.887,3516.2505
7,mutant_sax,73.12360042,8.887,3516.2505
7,mutant_sax,73.12360042,8.887,3516.2505
7,mutant_sax,73.12360042,8.887,3516.2505
7,mutant_sax,73.12360042,8.887,3516.2505
7,mutant_sax,73.12360042,8.887,3516.2505
7,mutant_sax,73.12360042,8.887,3516.2505
7,mutant_sax,73.12360042,8.887,3516.2505
7,mutant_sax,73.12360042,8.887,3516.2505
7,mutant_sax,73.12360042,8.887,3516.2505
7,mutant_sax,73.12360042,8.887,3516.2505
7,mutant_sax,73.12360042,8.887,3516.2505
7,mutant_sax,73.12360042,8.887,3516.2505
7,mutant_sax,73.12360042,8.887,3516.2505
7,mutant_sax,73.12360042,8.887,3516.2505
7,mutant_sax,73.12360042,8.887,3516.2505
7,mutant_sax,73.12360042,8.887,3516.2505
7,mutant_sax,73.12360042,8.887,3516.2505
7,mutant_sax,73.12360042,8.887,3516.2505
7,mutant_sax,73.12360042,8.887,3516.2505
7,mutant_sax,73.12360042,8.887,3516.2505
7,mutant_sax,73.12360042,8.887,3516.2505
7,mutant_sax,73.12360042,8.887,3516.2505
8,mutant_sax,64.53105583,8.433,2945.7439
8,mutant_sax,64.53105583,8.433,2945.7439
8,mutant_sax,64.53105583,8.433,2945.7439
8,mutant_sax,64.53105583,8.433,2945.7439
8,mutant_sax,64.53105583,8.433,2945.7439
8,mutant_sax,64.53105583,8.433,2945.7439
8,mutant_sax,64.53105583,8.433,2945.7439
8,mutant_sax,64.53105583,8.433,2945.7439
8,mutant_sax,64.53105583,8.433,2945.7439
8,mutant_sax,64.53105583,8.433,2945.7439
8,mutant_sax,64.53105583,8.433,2945.7439
8,mutant_sax,64.53105583,8.433,2945.7439
8,mutant_sax,64.53105583,8.433,2945.7439
8,mutant_sax,64.53105583,8.433,2945.7439
8,mutant_sax,64.53105583,8.433,2945.7439
8,mutant_sax,64.53105583,8.433,2945.7439
8,mutant_sax,64.53105583,8.433,2945.7439
8,mutant_sax,64.53105583,8.433,2945.7439
8,mutant_sax,64.53105583,8.433,2945.7439
8,mutant_sax,64.53105583,8.433,2945.7439
8,mutant_sax,64.53105583,8.433,2945.7439
8,mutant_sax,64.53105583,8.433,2945.7439
8,mutant_sax,64.53105583,8.433,2945.7439
8,mutant_sax,64.53105583,8.433,2945.7439
8,mutant_sax,64.53105583,8.433,2945.7439
8,mutant_sax,64.53105583,8.433,2945.7439
8,mutant_sax,64.53105583,8.433,2945.7439
8,mutant_sax,64.53105583,8.433,2945.7439
8,mutant_sax,64.53105583,8.433,2945.7439
8,mutant_sax,64.53105583,8.433,2945.7439
9,mutant_sax,57.14762058,9.538,2730.387
9,mutant_sax,57.14762058,9.538,2730.387
9,mutant_sax,57.14762058,9.538,2730.387
9,mutant_sax,57.14762058,9.538,2730.387
9,mutant_sax,57.14762058,9.538,2730.387
9,mutant_sax,57.14762058,9.538,2730.387
9,mutant_sax,57.14762058,9.538,2730.387
9,mutant_sax,57.14762058,9.538,2730.387
9,mutant_sax,57.14762058,9.538,2730.387
9,mutant_sax,57.14762058,9.538,2730.387
9,mutant_sax,57.14762058,9.538,2730.387
9,mutant_sax,57.14762058,9.538,2730.387
9,mutant_sax,57.14762058,9.538,2730.387
9,mutant_sax,57.14762058,9.538,2730.387
9,mutant_sax,57.14762058,9.538,2730.387
9,mutant_sax,57.14762058,9.538,2730.387
9,mutant_sax,57.14762058,9.538,2730.387
9,mutant_sax,57.14762058,9.538,2730.387
9,mutant_sax,57.14762058,9.538,2730.387
9,mutant_sax,57.14762058,9.538,2730.387
9,mutant_sax,57.14762058,9.538,2730.387
9,mutant_sax,57.14762058,9.538,2730.387
9,mutant_sax,57.14762058,9.538,2730.387
9,mutant_sax,57.14762058,9.538,2730.387
9,mutant_sax,57.14762058,9.538,2730.387
9,mutant_sax,57.14762058,9.538,2730.387
9,mutant_sax,57.14762058,9.538,2730.387
9,mutant_sax,57.14762058,9.538,2730.387
9,mutant_sax,57.14762058,9.538,2730.387
9,mutant_sax,57.14762058,9.538,2730.387
9,mutant_sax,57.14762058,9.538,2730.387
9,mutant_sax,57.14762058,9.538,2730.387
9,mutant_sax,57.14762058,9.538,2730.387
11,mutant_sax,63.74343917,3.932,1745.0236
11,mutant_sax,63.74343917,3.932,1745.0236
11,mutant_sax,63.74343917,3.932,1745.0236
11,mutant_sax,63.74343917,3.932,1745.0236
11,mutant_sax,63.74343917,3.932,1745.0236
11,mutant_sax,63.74343917,3.932,1745.0236
11,mutant_sax,63.74343917,3.932,1745.0236
11,mutant_sax,63.74343917,3.932,1745.0236
11,mutant_sax,63.74343917,3.932,1745.0236
11,mutant_sax,63.74343917,3.932,1745.0236
11,mutant_sax,63.74343917,3.932,1745.0236
11,mutant_sax,63.74343917,3.932,1745.0236
11,mutant_sax,63.74343917,3.932,1745.0236
11,mutant_sax,63.74343917,3.932,1745.0236
11,mutant_sax,63.74343917,3.932,1745.0236
11,mutant_sax,63.74343917,3.932,1745.0236
11,mutant_sax,63.74343917,3.932,1745.0236
11,mutant_sax,63.74343917,3.932,1745.0236
11,mutant_sax,63.74343917,3.932,1745.0236
11,mutant_sax,63.74343917,3.932,1745.0236
11,mutant_sax,63.74343917,3.932,1745.0236
11,mutant_sax,63.74343917,3.932,1745.0236
11,mutant_sax,63.74343917,3.932,1745.0236
11,mutant_sax,63.74343917,3.932,1745.0236
11,mutant_sax,63.74343917,3.932,1745.0236
12,mutant_sax,83.2711515,17.785,2592.384
12,mutant_sax,83.2711515,17.785,2592.384
12,mutant_sax,83.2711515,17.785,2592.384
12,mutant_sax,83.2711515,17.785,2592.384
12,mutant_sax,83.2711515,17.785,2592.384
12,mutant_sax,83.2711515,17.785,2592.384
12,mutant_sax,83.2711515,17.785,2592.384
12,mutant_sax,83.2711515,17.785,2592.384
12,mutant_sax,83.2711515,17.785,2592.384
12,mutant_sax,83.2711515,17.785,2592.384
12,mutant_sax,83.2711515,17.785,2592.384
12,mutant_sax,83.2711515,17.785,2592.384
12,mutant_sax,83.2711515,17.785,2592.384
12,mutant_sax,83.2711515,17.785,2592.384
12,mutant_sax,83.2711515,17.785,2592.384
12,mutant_sax,83.2711515,17.785,2592.384
12,mutant_sax,83.2711515,17.785,2592.384
12,mutant_sax,83.2711515,17.785,2592.384
12,mutant_sax,83.2711515,17.785,2592.384
12,mutant_sax,83.2711515,17.785,2592.384
12,mutant_sax,83.2711515,17.785,2592.384
12,mutant_sax,83.2711515,17.785,2592.384
12,mutant_sax,83.2711515,17.785,2592.384
12,mutant_sax,83.2711515,17.785,2592.384
12,mutant_sax,83.2711515,17.785,2592.384
13,mutant_sax,60.85335583,17.351,2160.3985
13,mutant_sax,60.85335583,17.351,2160.3985
13,mutant_sax,60.85335583,17.351,2160.3985
13,mutant_sax,60.85335583,17.351,2160.3985
13,mutant_sax,60.85335583,17.351,2160.3985
13,mutant_sax,60.85335583,17.351,2160.3985
13,mutant_sax,60.85335583,17.351,2160.3985
13,mutant_sax,60.85335583,17.351,2160.3985
13,mutant_sax,60.85335583,17.351,2160.3985
13,mutant_sax,60.85335583,17.351,2160.3985
13,mutant_sax,60.85335583,17.351,2160.3985
13,mutant_sax,60.85335583,17.351,2160.3985
13,mutant_sax,60.85335583,17.351,2160.3985
13,mutant_sax,60.85335583,17.351,2160.3985
13,mutant_sax,60.85335583,17.351,2160.3985
13,mutant_sax,60.85335583,17.351,2160.3985
13,mutant_sax,60.85335583,17.351,2160.3985
13,mutant_sax,60.85335583,17.351,2160.3985
13,mutant_sax,60.85335583,17.351,2160.3985
13,mutant_sax,60.85335583,17.351,2160.3985
13,mutant_sax,60.85335583,17.351,2160.3985
13,mutant_sax,60.85335583,17.351,2160.3985
13,mutant_sax,60.85335583,17.351,2160.3985
13,mutant_sax,60.85335583,17.351,2160.3985
13,mutant_sax,60.85335583,17.351,2160.3985
13,mutant_sax,60.85335583,17.351,2160.3985
13,mutant_sax,60.85335583,17.351,2160.3985
13,mutant_sax,60.85335583,17.351,2160.3985
13,mutant_sax,60.85335583,17.351,2160.3985
14,mutant_sax,54.95877892,10.34,1885.3502
14,mutant_sax,54.95877892,10.34,1885.3502
14,mutant_sax,54.95877892,10.34,1885.3502
14,mutant_sax,54.95877892,10.34,1885.3502
14,mutant_sax,54.95877892,10.34,1885.3502
14,mutant_sax,54.95877892,10.34,1885.3502
14,mutant_sax,54.95877892,10.34,1885.3502
14,mutant_sax,54.95877892,10.34,1885.3502
14,mutant_sax,54.95877892,10.34,1885.3502
14,mutant_sax,54.95877892,10.34,1885.3502
14,mutant_sax,54.95877892,10.34,1885.3502
14,mutant_sax,54.95877892,10.34,1885.3502
14,mutant_sax,54.95877892,10.34,1885.3502
14,mutant_sax,54.95877892,10.34,1885.3502
14,mutant_sax,54.95877892,10.34,1885.3502
14,mutant_sax,54.95877892,10.34,1885.3502
14,mutant_sax,54.95877892,10.34,1885.3502
14,mutant_sax,54.95877892,10.34,1885.3502
14,mutant_sax,54.95877892,10.34,1885.3502
14,mutant_sax,54.95877892,10.34,1885.3502
14,mutant_sax,54.95877892,10.34,1885.3502
14,mutant_sax,54.95877892,10.34,1885.3502
14,mutant_sax,54.95877892,10.34,1885.3502
14,mutant_sax,54.95877892,10.34,1885.3502
14,mutant_sax,54.95877892,10.34,1885.3502
14,mutant_sax,54.95877892,10.34,1885.3502
14,mutant_sax,54.95877892,10.34,1885.3502
14,mutant_sax,54.95877892,10.34,1885.3502
19,mutant_sax,48.84378592,7.34,1796.9278
19,mutant_sax,48.84378592,7.34,1796.9278
19,mutant_sax,48.84378592,7.34,1796.9278
19,mutant_sax,48.84378592,7.34,1796.9278
19,mutant_sax,48.84378592,7.34,1796.9278
19,mutant_sax,48.84378592,7.34,1796.9278
19,mutant_sax,48.84378592,7.34,1796.9278
19,mutant_sax,48.84378592,7.34,1796.9278
19,mutant_sax,48.84378592,7.34,1796.9278
19,mutant_sax,48.84378592,7.34,1796.9278
19,mutant_sax,48.84378592,7.34,1796.9278
19,mutant_sax,48.84378592,7.34,1796.9278
19,mutant_sax,48.84378592,7.34,1796.9278
19,mutant_sax,48.84378592,7.34,1796.9278
19,mutant_sax,48.84378592,7.34,1796.9278
19,mutant_sax,48.84378592,7.34,1796.9278
19,mutant_sax,48.84378592,7.34,1796.9278
19,mutant_sax,48.84378592,7.34,1796.9278
19,mutant_sax,48.84378592,7.34,1796.9278
19,mutant_sax,48.84378592,7.34,1796.9278
19,mutant_sax,48.84378592,7.34,1796.9278
19,mutant_sax,48.84378592,7.34,1796.9278
19,mutant_sax,48.84378592,7.34,1796.9278
19,mutant_sax,48.84378592,7.34,1796.9278
19,mutant_sax,48.84378592,7.34,1796.9278
19,mutant_sax,48.84378592,7.34,1796.9278
19,mutant_sax,48.84378592,7.34,1796.9278
19,mutant_sax,48.84378592,7.34,1796.9278
19,mutant_sax,48.84378592,7.34,1796.9278
19,mutant_sax,48.84378592,7.34,1796.9278
20,mutant_sax,81.11811892,6.838,2374.24035
20,mutant_sax,81.11811892,6.838,2374.24035
20,mutant_sax,81.11811892,6.838,2374.24035
20,mutant_sax,81.11811892,6.838,2374.24035
20,mutant_sax,81.11811892,6.838,2374.24035
20,mutant_sax,81.11811892,6.838,2374.24035
20,mutant_sax,81.11811892,6.838,2374.24035
20,mutant_sax,81.11811892,6.838,2374.24035
20,mutant_sax,81.11811892,6.838,2374.24035
20,mutant_sax,81.11811892,6.838,2374.24035
20,mutant_sax,81.11811892,6.838,2374.24035
20,mutant_sax,81.11811892,6.838,2374.24035
20,mutant_sax,81.11811892,6.838,2374.24035
20,mutant_sax,81.11811892,6.838,2374.24035
20,mutant_sax,81.11811892,6.838,2374.24035
20,mutant_sax,81.11811892,6.838,2374.24035
20,mutant_sax,81.11811892,6.838,2374.24035
20,mutant_sax,81.11811892,6.838,2374.24035
20,mutant_sax,81.11811892,6.838,2374.24035
20,mutant_sax,81.11811892,6.838,2374.24035
20,mutant_sax,81.11811892,6.838,2374.24035
20,mutant_sax,81.11811892,6.838,2374.24035
20,mutant_sax,81.11811892,6.838,2374.24035
21,mutant_sax,79.398354,8.522,2484.054
21,mutant_sax,79.398354,8.522,2484.054
21,mutant_sax,79.398354,8.522,2484.054
21,mutant_sax,79.398354,8.522,2484.054
21,mutant_sax,79.398354,8.522,2484.054
21,mutant_sax,79.398354,8.522,2484.054
21,mutant_sax,79.398354,8.522,2484.054
21,mutant_sax,79.398354,8.522,2484.054
21,mutant_sax,79.398354,8.522,2484.054
21,mutant_sax,79.398354,8.522,2484.054
21,mutant_sax,79.398354,8.522,2484.054
21,mutant_sax,79.398354,8.522,2484.054
21,mutant_sax,79.398354,8.522,2484.054
21,mutant_sax,79.398354,8.522,2484.054
21,mutant_sax,79.398354,8.522,2484.054
21,mutant_sax,79.398354,8.522,2484.054
21,mutant_sax,79.398354,8.522,2484.054
21,mutant_sax,79.398354,8.522,2484.054
21,mutant_sax,79.398354,8.522,2484.054
21,mutant_sax,79.398354,8.522,2484.054
21,mutant_sax,79.398354,8.522,2484.054
21,mutant_sax,79.398354,8.522,2484.054
21,mutant_sax,79.398354,8.522,2484.054
21,mutant_sax,79.398354,8.522,2484.054
21,mutant_sax,79.398354,8.522,2484.054
21,mutant_sax,79.398354,8.522,2484.054
21,mutant_sax,79.398354,8.522,2484.054
22,mutant_sax,93.02302333,10.314,3260.0265
22,mutant_sax,93.02302333,10.314,3260.0265
22,mutant_sax,93.02302333,10.314,3260.0265
22,mutant_sax,93.02302333,10.314,3260.0265
22,mutant_sax,93.02302333,10.314,3260.0265
22,mutant_sax,93.02302333,10.314,3260.0265
22,mutant_sax,93.02302333,10.314,3260.0265
22,mutant_sax,93.02302333,10.314,3260.0265
22,mutant_sax,93.02302333,10.314,3260.0265
22,mutant_sax,93.02302333,10.314,3260.0265
22,mutant_sax,93.02302333,10.314,3260.0265
22,mutant_sax,93.02302333,10.314,3260.0265
22,mutant_sax,93.02302333,10.314,3260.0265
22,mutant_sax,93.02302333,10.314,3260.0265
22,mutant_sax,93.02302333,10.314,3260.0265
22,mutant_sax,93.02302333,10.314,3260.0265
22,mutant_sax,93.02302333,10.314,3260.0265
22,mutant_sax,93.02302333,10.314,3260.0265
22,mutant_sax,93.02302333,10.314,3260.0265
22,mutant_sax,93.02302333,10.314,3260.0265
22,mutant_sax,93.02302333,10.314,3260.0265
22,mutant_sax,93.02302333,10.314,3260.0265
22,mutant_sax,93.02302333,10.314,3260.0265
22,mutant_sax,93.02302333,10.314,3260.0265
22,mutant_sax,93.02302333,10.314,3260.0265
22,mutant_sax,93.02302333,10.314,3260.0265
22,mutant_sax,93.02302333,10.314,3260.0265
22,mutant_sax,93.02302333,10.314,3260.0265
22,mutant_sax,93.02302333,10.314,3260.0265
23,mutant_sax,100.5998433,9.839,3795.51425
23,mutant_sax,100.5998433,9.839,3795.51425
23,mutant_sax,100.5998433,9.839,3795.51425
23,mutant_sax,100.5998433,9.839,3795.51425
23,mutant_sax,100.5998433,9.839,3795.51425
23,mutant_sax,100.5998433,9.839,3795.51425
23,mutant_sax,100.5998433,9.839,3795.51425
23,mutant_sax,100.5998433,9.839,3795.51425
23,mutant_sax,100.5998433,9.839,3795.51425
23,mutant_sax,100.5998433,9.839,3795.51425
23,mutant_sax,100.5998433,9.839,3795.51425
23,mutant_sax,100.5998433,9.839,3795.51425
23,mutant_sax,100.5998433,9.839,3795.51425
23,mutant_sax,100.5998433,9.839,3795.51425
23,mutant_sax,100.5998433,9.839,3795.51425
23,mutant_sax,100.5998433,9.839,3795.51425
23,mutant_sax,100.5998433,9.839,3795.51425
23,mutant_sax,100.5998433,9.839,3795.51425
23,mutant_sax,100.5998433,9.839,3795.51425
23,mutant_sax,100.5998433,9.839,3795.51425
23,mutant_sax,100.5998433,9.839,3795.51425
23,mutant_sax,100.5998433,9.839,3795.51425
23,mutant_sax,100.5998433,9.839,3795.51425
23,mutant_sax,100.5998433,9.839,3795.51425
23,mutant_sax,100.5998433,9.839,3795.51425
23,mutant_sax,100.5998433,9.839,3795.51425
23,mutant_sax,100.5998433,9.839,3795.51425
24,mutant_sax,90.45078767,15.644,2572.131
24,mutant_sax,90.45078767,15.644,2572.131
24,mutant_sax,90.45078767,15.644,2572.131
24,mutant_sax,90.45078767,15.644,2572.131
24,mutant_sax,90.45078767,15.644,2572.131
24,mutant_sax,90.45078767,15.644,2572.131
24,mutant_sax,90.45078767,15.644,2572.131
24,mutant_sax,90.45078767,15.644,2572.131
24,mutant_sax,90.45078767,15.644,2572.131
24,mutant_sax,90.45078767,15.644,2572.131
24,mutant_sax,90.45078767,15.644,2572.131
24,mutant_sax,90.45078767,15.644,2572.131
24,mutant_sax,90.45078767,15.644,2572.131
24,mutant_sax,90.45078767,15.644,2572.131
24,mutant_sax,90.45078767,15.644,2572.131
24,mutant_sax,90.45078767,15.644,2572.131
24,mutant_sax,90.45078767,15.644,2572.131
24,mutant_sax,90.45078767,15.644,2572.131
24,mutant_sax,90.45078767,15.644,2572.131
24,mutant_sax,90.45078767,15.644,2572.131
24,mutant_sax,90.45078767,15.644,2572.131
24,mutant_sax,90.45078767,15.644,2572.131
24,mutant_sax,90.45078767,15.644,2572.131
24,mutant_sax,90.45078767,15.644,2572.131
24,mutant_sax,90.45078767,15.644,2572.131
28,mutant_sax,60.70437708,10.378,2189.5848
28,mutant_sax,60.70437708,10.378,2189.5848
28,mutant_sax,60.70437708,10.378,2189.5848
28,mutant_sax,60.70437708,10.378,2189.5848
28,mutant_sax,60.70437708,10.378,2189.5848
28,mutant_sax,60.70437708,10.378,2189.5848
28,mutant_sax,60.70437708,10.378,2189.5848
28,mutant_sax,60.70437708,10.378,2189.5848
28,mutant_sax,60.70437708,10.378,2189.5848
28,mutant_sax,60.70437708,10.378,2189.5848
28,mutant_sax,60.70437708,10.378,2189.5848
28,mutant_sax,60.70437708,10.378,2189.5848
28,mutant_sax,60.70437708,10.378,2189.5848
28,mutant_sax,60.70437708,10.378,2189.5848
28,mutant_sax,60.70437708,10.378,2189.5848
28,mutant_sax,60.70437708,10.378,2189.5848
28,mutant_sax,60.70437708,10.378,2189.5848
28,mutant_sax,60.70437708,10.378,2189.5848
28,mutant_sax,60.70437708,10.378,2189.5848
28,mutant_sax,60.70437708,10.378,2189.5848
28,mutant_sax,60.70437708,10.378,2189.5848
28,mutant_sax,60.70437708,10.378,2189.5848
28,mutant_sax,60.70437708,10.378,2189.5848
28,mutant_sax,60.70437708,10.378,2189.5848
28,mutant_sax,60.70437708,10.378,2189.5848
28,mutant_sax,60.70437708,10.378,2189.5848
28,mutant_sax,60.70437708,10.378,2189.5848
28,mutant_sax,60.70437708,10.378,2189.5848
28,mutant_sax,60.70437708,10.378,2189.5848
28,mutant_sax,60.70437708,10.378,2189.5848
28,mutant_sax,60.70437708,10.378,2189.5848
30,mutant_sax,69.39316267,5.905,2474.70465
30,mutant_sax,69.39316267,5.905,2474.70465
30,mutant_sax,69.39316267,5.905,2474.70465
30,mutant_sax,69.39316267,5.905,2474.70465
30,mutant_sax,69.39316267,5.905,2474.70465
30,mutant_sax,69.39316267,5.905,2474.70465
30,mutant_sax,69.39316267,5.905,2474.70465
30,mutant_sax,69.39316267,5.905,2474.70465
30,mutant_sax,69.39316267,5.905,2474.70465
30,mutant_sax,69.39316267,5.905,2474.70465
30,mutant_sax,69.39316267,5.905,2474.70465
30,mutant_sax,69.39316267,5.905,2474.70465
30,mutant_sax,69.39316267,5.905,2474.70465
30,mutant_sax,69.39316267,5.905,2474.70465
30,mutant_sax,69.39316267,5.905,2474.70465
30,mutant_sax,69.39316267,5.905,2474.70465
30,mutant_sax,69.39316267,5.905,2474.70465
30,mutant_sax,69.39316267,5.905,2474.70465
30,mutant_sax,69.39316267,5.905,2474.70465
30,mutant_sax,69.39316267,5.905,2474.70465
30,mutant_sax,69.39316267,5.905,2474.70465
30,mutant_sax,69.39316267,5.905,2474.70465
30,mutant_sax,69.39316267,5.905,2474.70465
30,mutant_sax,69.39316267,5.905,2474.70465
30,mutant_sax,69.39316267,5.905,2474.70465
30,mutant_sax,69.39316267,5.905,2474.70465
30,mutant_sax,69.39316267,5.905,2474.70465
30,mutant_sax,69.39316267,5.905,2474.70465
30,mutant_sax,69.39316267,5.905,2474.70465
30,mutant_sax,69.39316267,5.905,2474.70465
30,mutant_sax,69.39316267,5.905,2474.70465
30,mutant_sax,69.39316267,5.905,2474.70465
1,mutant_mycOE,78.79480675,15.56,3307.7702
1,mutant_mycOE,78.79480675,15.56,3307.7702
1,mutant_mycOE,78.79480675,15.56,3307.7702
1,mutant_mycOE,78.79480675,15.56,3307.7702
1,mutant_mycOE,78.79480675,15.56,3307.7702
1,mutant_mycOE,78.79480675,15.56,3307.7702
1,mutant_mycOE,78.79480675,15.56,3307.7702
1,mutant_mycOE,78.79480675,15.56,3307.7702
1,mutant_mycOE,78.79480675,15.56,3307.7702
1,mutant_mycOE,78.79480675,15.56,3307.7702
1,mutant_mycOE,78.79480675,15.56,3307.7702
1,mutant_mycOE,78.79480675,15.56,3307.7702
1,mutant_mycOE,78.79480675,15.56,3307.7702
1,mutant_mycOE,78.79480675,15.56,3307.7702
1,mutant_mycOE,78.79480675,15.56,3307.7702
1,mutant_mycOE,78.79480675,15.56,3307.7702
1,mutant_mycOE,78.79480675,15.56,3307.7702
1,mutant_mycOE,78.79480675,15.56,3307.7702
1,mutant_mycOE,78.79480675,15.56,3307.7702
1,mutant_mycOE,78.79480675,15.56,3307.7702
1,mutant_mycOE,78.79480675,15.56,3307.7702
1,mutant_mycOE,78.79480675,15.56,3307.7702
1,mutant_mycOE,78.79480675,15.56,3307.7702
1,mutant_mycOE,78.79480675,15.56,3307.7702
2,mutant_mycOE,86.388622,13.98,2938.1608
2,mutant_mycOE,86.388622,13.98,2938.1608
2,mutant_mycOE,86.388622,13.98,2938.1608
2,mutant_mycOE,86.388622,13.98,2938.1608
2,mutant_mycOE,86.388622,13.98,2938.1608
2,mutant_mycOE,86.388622,13.98,2938.1608
2,mutant_mycOE,86.388622,13.98,2938.1608
2,mutant_mycOE,86.388622,13.98,2938.1608
2,mutant_mycOE,86.388622,13.98,2938.1608
2,mutant_mycOE,86.388622,13.98,2938.1608
2,mutant_mycOE,86.388622,13.98,2938.1608
2,mutant_mycOE,86.388622,13.98,2938.1608
2,mutant_mycOE,86.388622,13.98,2938.1608
2,mutant_mycOE,86.388622,13.98,2938.1608
2,mutant_mycOE,86.388622,13.98,2938.1608
2,mutant_mycOE,86.388622,13.98,2938.1608
2,mutant_mycOE,86.388622,13.98,2938.1608
2,mutant_mycOE,86.388622,13.98,2938.1608
2,mutant_mycOE,86.388622,13.98,2938.1608
2,mutant_mycOE,86.388622,13.98,2938.1608
3,mutant_mycOE,60.51311183,7.691,2298.12675
3,mutant_mycOE,60.51311183,7.691,2298.12675
3,mutant_mycOE,60.51311183,7.691,2298.12675
3,mutant_mycOE,60.51311183,7.691,2298.12675
3,mutant_mycOE,60.51311183,7.691,2298.12675
3,mutant_mycOE,60.51311183,7.691,2298.12675
3,mutant_mycOE,60.51311183,7.691,2298.12675
3,mutant_mycOE,60.51311183,7.691,2298.12675
3,mutant_mycOE,60.51311183,7.691,2298.12675
3,mutant_mycOE,60.51311183,7.691,2298.12675
3,mutant_mycOE,60.51311183,7.691,2298.12675
3,mutant_mycOE,60.51311183,7.691,2298.12675
3,mutant_mycOE,60.51311183,7.691,2298.12675
3,mutant_mycOE,60.51311183,7.691,2298.12675
3,mutant_mycOE,60.51311183,7.691,2298.12675
3,mutant_mycOE,60.51311183,7.691,2298.12675
3,mutant_mycOE,60.51311183,7.691,2298.12675
3,mutant_mycOE,60.51311183,7.691,2298.12675
3,mutant_mycOE,60.51311183,7.691,2298.12675
5,mutant_mycOE,72.6025305,3.976,2369.0044
5,mutant_mycOE,72.6025305,3.976,2369.0044
5,mutant_mycOE,72.6025305,3.976,2369.0044
5,mutant_mycOE,72.6025305,3.976,2369.0044
5,mutant_mycOE,72.6025305,3.976,2369.0044
5,mutant_mycOE,72.6025305,3.976,2369.0044
5,mutant_mycOE,72.6025305,3.976,2369.0044
5,mutant_mycOE,72.6025305,3.976,2369.0044
5,mutant_mycOE,72.6025305,3.976,2369.0044
5,mutant_mycOE,72.6025305,3.976,2369.0044
5,mutant_mycOE,72.6025305,3.976,2369.0044
5,mutant_mycOE,72.6025305,3.976,2369.0044
5,mutant_mycOE,72.6025305,3.976,2369.0044
5,mutant_mycOE,72.6025305,3.976,2369.0044
5,mutant_mycOE,72.6025305,3.976,2369.0044
5,mutant_mycOE,72.6025305,3.976,2369.0044
5,mutant_mycOE,72.6025305,3.976,2369.0044
5,mutant_mycOE,72.6025305,3.976,2369.0044
5,mutant_mycOE,72.6025305,3.976,2369.0044
5,mutant_mycOE,72.6025305,3.976,2369.0044
6,mutant_mycOE,72.93349958,7.842,3239.852
6,mutant_mycOE,72.93349958,7.842,3239.852
6,mutant_mycOE,72.93349958,7.842,3239.852
6,mutant_mycOE,72.93349958,7.842,3239.852
6,mutant_mycOE,72.93349958,7.842,3239.852
6,mutant_mycOE,72.93349958,7.842,3239.852
6,mutant_mycOE,72.93349958,7.842,3239.852
6,mutant_mycOE,72.93349958,7.842,3239.852
6,mutant_mycOE,72.93349958,7.842,3239.852
6,mutant_mycOE,72.93349958,7.842,3239.852
6,mutant_mycOE,72.93349958,7.842,3239.852
6,mutant_mycOE,72.93349958,7.842,3239.852
6,mutant_mycOE,72.93349958,7.842,3239.852
6,mutant_mycOE,72.93349958,7.842,3239.852
6,mutant_mycOE,72.93349958,7.842,3239.852
6,mutant_mycOE,72.93349958,7.842,3239.852
6,mutant_mycOE,72.93349958,7.842,3239.852
6,mutant_mycOE,72.93349958,7.842,3239.852
6,mutant_mycOE,72.93349958,7.842,3239.852
6,mutant_mycOE,72.93349958,7.842,3239.852
6,mutant_mycOE,72.93349958,7.842,3239.852
7,mutant_mycOE,60.99342717,6.469,2699.0184
7,mutant_mycOE,60.99342717,6.469,2699.0184
7,mutant_mycOE,60.99342717,6.469,2699.0184
7,mutant_mycOE,60.99342717,6.469,2699.0184
7,mutant_mycOE,60.99342717,6.469,2699.0184
7,mutant_mycOE,60.99342717,6.469,2699.0184
7,mutant_mycOE,60.99342717,6.469,2699.0184
7,mutant_mycOE,60.99342717,6.469,2699.0184
7,mutant_mycOE,60.99342717,6.469,2699.0184
7,mutant_mycOE,60.99342717,6.469,2699.0184
7,mutant_mycOE,60.99342717,6.469,2699.0184
7,mutant_mycOE,60.99342717,6.469,2699.0184
7,mutant_mycOE,60.99342717,6.469,2699.0184
7,mutant_mycOE,60.99342717,6.469,2699.0184
7,mutant_mycOE,60.99342717,6.469,2699.0184
7,mutant_mycOE,60.99342717,6.469,2699.0184
7,mutant_mycOE,60.99342717,6.469,2699.0184
7,mutant_mycOE,60.99342717,6.469,2699.0184
7,mutant_mycOE,60.99342717,6.469,2699.0184
7,mutant_mycOE,60.99342717,6.469,2699.0184
7,mutant_mycOE,60.99342717,6.469,2699.0184
8,mutant_mycOE,67.67491542,9.967,2436.5458
8,mutant_mycOE,67.67491542,9.967,2436.5458
8,mutant_mycOE,67.67491542,9.967,2436.5458
8,mutant_mycOE,67.67491542,9.967,2436.5458
8,mutant_mycOE,67.67491542,9.967,2436.5458
8,mutant_mycOE,67.67491542,9.967,2436.5458
8,mutant_mycOE,67.67491542,9.967,2436.5458
8,mutant_mycOE,67.67491542,9.967,2436.5458
8,mutant_mycOE,67.67491542,9.967,2436.5458
8,mutant_mycOE,67.67491542,9.967,2436.5458
8,mutant_mycOE,67.67491542,9.967,2436.5458
8,mutant_mycOE,67.67491542,9.967,2436.5458
8,mutant_mycOE,67.67491542,9.967,2436.5458
8,mutant_mycOE,67.67491542,9.967,2436.5458
8,mutant_mycOE,67.67491542,9.967,2436.5458
8,mutant_mycOE,67.67491542,9.967,2436.5458
8,mutant_mycOE,67.67491542,9.967,2436.5458
8,mutant_mycOE,67.67491542,9.967,2436.5458
8,mutant_mycOE,67.67491542,9.967,2436.5458
8,mutant_mycOE,67.67491542,9.967,2436.5458
8,mutant_mycOE,67.67491542,9.967,2436.5458
8,mutant_mycOE,67.67491542,9.967,2436.5458
8,mutant_mycOE,67.67491542,9.967,2436.5458
9,mutant_mycOE,112.773885,12.311,4047.3658
9,mutant_mycOE,112.773885,12.311,4047.3658
9,mutant_mycOE,112.773885,12.311,4047.3658
9,mutant_mycOE,112.773885,12.311,4047.3658
9,mutant_mycOE,112.773885,12.311,4047.3658
9,mutant_mycOE,112.773885,12.311,4047.3658
9,mutant_mycOE,112.773885,12.311,4047.3658
9,mutant_mycOE,112.773885,12.311,4047.3658
9,mutant_mycOE,112.773885,12.311,4047.3658
9,mutant_mycOE,112.773885,12.311,4047.3658
9,mutant_mycOE,112.773885,12.311,4047.3658
9,mutant_mycOE,112.773885,12.311,4047.3658
9,mutant_mycOE,112.773885,12.311,4047.3658
9,mutant_mycOE,112.773885,12.311,4047.3658
9,mutant_mycOE,112.773885,12.311,4047.3658
9,mutant_mycOE,112.773885,12.311,4047.3658
9,mutant_mycOE,112.773885,12.311,4047.3658
9,mutant_mycOE,112.773885,12.311,4047.3658
9,mutant_mycOE,112.773885,12.311,4047.3658
9,mutant_mycOE,112.773885,12.311,4047.3658
9,mutant_mycOE,112.773885,12.311,4047.3658
9,mutant_mycOE,112.773885,12.311,4047.3658
10,mutant_mycOE,65.21549733,7.847,2085.0228
10,mutant_mycOE,65.21549733,7.847,2085.0228
10,mutant_mycOE,65.21549733,7.847,2085.0228
10,mutant_mycOE,65.21549733,7.847,2085.0228
10,mutant_mycOE,65.21549733,7.847,2085.0228
10,mutant_mycOE,65.21549733,7.847,2085.0228
10,mutant_mycOE,65.21549733,7.847,2085.0228
10,mutant_mycOE,65.21549733,7.847,2085.0228
10,mutant_mycOE,65.21549733,7.847,2085.0228
10,mutant_mycOE,65.21549733,7.847,2085.0228
10,mutant_mycOE,65.21549733,7.847,2085.0228
10,mutant_mycOE,65.21549733,7.847,2085.0228
10,mutant_mycOE,65.21549733,7.847,2085.0228
10,mutant_mycOE,65.21549733,7.847,2085.0228
10,mutant_mycOE,65.21549733,7.847,2085.0228
10,mutant_mycOE,65.21549733,7.847,2085.0228
10,mutant_mycOE,65.21549733,7.847,2085.0228
10,mutant_mycOE,65.21549733,7.847,2085.0228
10,mutant_mycOE,65.21549733,7.847,2085.0228
10,mutant_mycOE,65.21549733,7.847,2085.0228
10,mutant_mycOE,65.21549733,7.847,2085.0228
10,mutant_mycOE,65.21549733,7.847,2085.0228
11,mutant_mycOE,63.926789,5.822,2431.65525
11,mutant_mycOE,63.926789,5.822,2431.65525
11,mutant_mycOE,63.926789,5.822,2431.65525
11,mutant_mycOE,63.926789,5.822,2431.65525
11,mutant_mycOE,63.926789,5.822,2431.65525
11,mutant_mycOE,63.926789,5.822,2431.65525
11,mutant_mycOE,63.926789,5.822,2431.65525
11,mutant_mycOE,63.926789,5.822,2431.65525
11,mutant_mycOE,63.926789,5.822,2431.65525
11,mutant_mycOE,63.926789,5.822,2431.65525
11,mutant_mycOE,63.926789,5.822,2431.65525
11,mutant_mycOE,63.926789,5.822,2431.65525
11,mutant_mycOE,63.926789,5.822,2431.65525
11,mutant_mycOE,63.926789,5.822,2431.65525
11,mutant_mycOE,63.926789,5.822,2431.65525
11,mutant_mycOE,63.926789,5.822,2431.65525
11,mutant_mycOE,63.926789,5.822,2431.65525
11,mutant_mycOE,63.926789,5.822,2431.65525
11,mutant_mycOE,63.926789,5.822,2431.65525
11,mutant_mycOE,63.926789,5.822,2431.65525
11,mutant_mycOE,63.926789,5.822,2431.65525
11,mutant_mycOE,63.926789,5.822,2431.65525
11,mutant_mycOE,63.926789,5.822,2431.65525
11,mutant_mycOE,63.926789,5.822,2431.65525
12,mutant_mycOE,92.11360083,3.198,3870.3954
12,mutant_mycOE,92.11360083,3.198,3870.3954
12,mutant_mycOE,92.11360083,3.198,3870.3954
12,mutant_mycOE,92.11360083,3.198,3870.3954
12,mutant_mycOE,92.11360083,3.198,3870.3954
12,mutant_mycOE,92.11360083,3.198,3870.3954
12,mutant_mycOE,92.11360083,3.198,3870.3954
12,mutant_mycOE,92.11360083,3.198,3870.3954
12,mutant_mycOE,92.11360083,3.198,3870.3954
12,mutant_mycOE,92.11360083,3.198,3870.3954
12,mutant_mycOE,92.11360083,3.198,3870.3954
12,mutant_mycOE,92.11360083,3.198,3870.3954
12,mutant_mycOE,92.11360083,3.198,3870.3954
12,mutant_mycOE,92.11360083,3.198,3870.3954
12,mutant_mycOE,92.11360083,3.198,3870.3954
12,mutant_mycOE,92.11360083,3.198,3870.3954
12,mutant_mycOE,92.11360083,3.198,3870.3954
12,mutant_mycOE,92.11360083,3.198,3870.3954
12,mutant_mycOE,92.11360083,3.198,3870.3954
12,mutant_mycOE,92.11360083,3.198,3870.3954
12,mutant_mycOE,92.11360083,3.198,3870.3954
12,mutant_mycOE,92.11360083,3.198,3870.3954
12,mutant_mycOE,92.11360083,3.198,3870.3954
12,mutant_mycOE,92.11360083,3.198,3870.3954
15,mutant_mycOE,69.67328992,7.265,2117.9143
15,mutant_mycOE,69.67328992,7.265,2117.9143
15,mutant_mycOE,69.67328992,7.265,2117.9143
15,mutant_mycOE,69.67328992,7.265,2117.9143
15,mutant_mycOE,69.67328992,7.265,2117.9143
15,mutant_mycOE,69.67328992,7.265,2117.9143
15,mutant_mycOE,69.67328992,7.265,2117.9143
15,mutant_mycOE,69.67328992,7.265,2117.9143
15,mutant_mycOE,69.67328992,7.265,2117.9143
15,mutant_mycOE,69.67328992,7.265,2117.9143
15,mutant_mycOE,69.67328992,7.265,2117.9143
15,mutant_mycOE,69.67328992,7.265,2117.9143
15,mutant_mycOE,69.67328992,7.265,2117.9143
15,mutant_mycOE,69.67328992,7.265,2117.9143
15,mutant_mycOE,69.67328992,7.265,2117.9143
15,mutant_mycOE,69.67328992,7.265,2117.9143
15,mutant_mycOE,69.67328992,7.265,2117.9143
15,mutant_mycOE,69.67328992,7.265,2117.9143
15,mutant_mycOE,69.67328992,7.265,2117.9143
15,mutant_mycOE,69.67328992,7.265,2117.9143
15,mutant_mycOE,69.67328992,7.265,2117.9143
15,mutant_mycOE,69.67328992,7.265,2117.9143
15,mutant_mycOE,69.67328992,7.265,2117.9143
15,mutant_mycOE,69.67328992,7.265,2117.9143
15,mutant_mycOE,69.67328992,7.265,2117.9143
15,mutant_mycOE,69.67328992,7.265,2117.9143
16,mutant_mycOE,48.54523733,6.754,1768.7934
16,mutant_mycOE,48.54523733,6.754,1768.7934
16,mutant_mycOE,48.54523733,6.754,1768.7934
16,mutant_mycOE,48.54523733,6.754,1768.7934
16,mutant_mycOE,48.54523733,6.754,1768.7934
16,mutant_mycOE,48.54523733,6.754,1768.7934
16,mutant_mycOE,48.54523733,6.754,1768.7934
16,mutant_mycOE,48.54523733,6.754,1768.7934
16,mutant_mycOE,48.54523733,6.754,1768.7934
16,mutant_mycOE,48.54523733,6.754,1768.7934
16,mutant_mycOE,48.54523733,6.754,1768.7934
16,mutant_mycOE,48.54523733,6.754,1768.7934
16,mutant_mycOE,48.54523733,6.754,1768.7934
16,mutant_mycOE,48.54523733,6.754,1768.7934
16,mutant_mycOE,48.54523733,6.754,1768.7934
16,mutant_mycOE,48.54523733,6.754,1768.7934
16,mutant_mycOE,48.54523733,6.754,1768.7934
16,mutant_mycOE,48.54523733,6.754,1768.7934
16,mutant_mycOE,48.54523733,6.754,1768.7934
16,mutant_mycOE,48.54523733,6.754,1768.7934
16,mutant_mycOE,48.54523733,6.754,1768.7934
16,mutant_mycOE,48.54523733,6.754,1768.7934
16,mutant_mycOE,48.54523733,6.754,1768.7934
16,mutant_mycOE,48.54523733,6.754,1768.7934
16,mutant_mycOE,48.54523733,6.754,1768.7934
16,mutant_mycOE,48.54523733,6.754,1768.7934
17,mutant_mycOE,55.20868367,6.966,2255.5248
17,mutant_mycOE,55.20868367,6.966,2255.5248
17,mutant_mycOE,55.20868367,6.966,2255.5248
17,mutant_mycOE,55.20868367,6.966,2255.5248
17,mutant_mycOE,55.20868367,6.966,2255.5248
17,mutant_mycOE,55.20868367,6.966,2255.5248
17,mutant_mycOE,55.20868367,6.966,2255.5248
17,mutant_mycOE,55.20868367,6.966,2255.5248
17,mutant_mycOE,55.20868367,6.966,2255.5248
17,mutant_mycOE,55.20868367,6.966,2255.5248
17,mutant_mycOE,55.20868367,6.966,2255.5248
17,mutant_mycOE,55.20868367,6.966,2255.5248
17,mutant_mycOE,55.20868367,6.966,2255.5248
17,mutant_mycOE,55.20868367,6.966,2255.5248
17,mutant_mycOE,55.20868367,6.966,2255.5248
17,mutant_mycOE,55.20868367,6.966,2255.5248
17,mutant_mycOE,55.20868367,6.966,2255.5248
17,mutant_mycOE,55.20868367,6.966,2255.5248
17,mutant_mycOE,55.20868367,6.966,2255.5248
17,mutant_mycOE,55.20868367,6.966,2255.5248
17,mutant_mycOE,55.20868367,6.966,2255.5248
17,mutant_mycOE,55.20868367,6.966,2255.5248
17,mutant_mycOE,55.20868367,6.966,2255.5248
17,mutant_mycOE,55.20868367,6.966,2255.5248
17,mutant_mycOE,55.20868367,6.966,2255.5248
17,mutant_mycOE,55.20868367,6.966,2255.5248
18,mutant_mycOE,39.63204642,3.359,1784.1951
18,mutant_mycOE,39.63204642,3.359,1784.1951
18,mutant_mycOE,39.63204642,3.359,1784.1951
18,mutant_mycOE,39.63204642,3.359,1784.1951
18,mutant_mycOE,39.63204642,3.359,1784.1951
18,mutant_mycOE,39.63204642,3.359,1784.1951
18,mutant_mycOE,39.63204642,3.359,1784.1951
18,mutant_mycOE,39.63204642,3.359,1784.1951
18,mutant_mycOE,39.63204642,3.359,1784.1951
18,mutant_mycOE,39.63204642,3.359,1784.1951
18,mutant_mycOE,39.63204642,3.359,1784.1951
18,mutant_mycOE,39.63204642,3.359,1784.1951
18,mutant_mycOE,39.63204642,3.359,1784.1951
18,mutant_mycOE,39.63204642,3.359,1784.1951
18,mutant_mycOE,39.63204642,3.359,1784.1951
18,mutant_mycOE,39.63204642,3.359,1784.1951
18,mutant_mycOE,39.63204642,3.359,1784.1951
18,mutant_mycOE,39.63204642,3.359,1784.1951
18,mutant_mycOE,39.63204642,3.359,1784.1951
18,mutant_mycOE,39.63204642,3.359,1784.1951
18,mutant_mycOE,39.63204642,3.359,1784.1951
18,mutant_mycOE,39.63204642,3.359,1784.1951
19,mutant_mycOE,66.89631317,8.806,2565.23085
19,mutant_mycOE,66.89631317,8.806,2565.23085
19,mutant_mycOE,66.89631317,8.806,2565.23085
19,mutant_mycOE,66.89631317,8.806,2565.23085
19,mutant_mycOE,66.89631317,8.806,2565.23085
19,mutant_mycOE,66.89631317,8.806,2565.23085
19,mutant_mycOE,66.89631317,8.806,2565.23085
19,mutant_mycOE,66.89631317,8.806,2565.23085
19,mutant_mycOE,66.89631317,8.806,2565.23085
19,mutant_mycOE,66.89631317,8.806,2565.23085
19,mutant_mycOE,66.89631317,8.806,2565.23085
19,mutant_mycOE,66.89631317,8.806,2565.23085
19,mutant_mycOE,66.89631317,8.806,2565.23085
19,mutant_mycOE,66.89631317,8.806,2565.23085
19,mutant_mycOE,66.89631317,8.806,2565.23085
19,mutant_mycOE,66.89631317,8.806,2565.23085
19,mutant_mycOE,66.89631317,8.806,2565.23085
19,mutant_mycOE,66.89631317,8.806,2565.23085
19,mutant_mycOE,66.89631317,8.806,2565.23085
19,mutant_mycOE,66.89631317,8.806,2565.23085
19,mutant_mycOE,66.89631317,8.806,2565.23085
19,mutant_mycOE,66.89631317,8.806,2565.23085
19,mutant_mycOE,66.89631317,8.806,2565.23085
19,mutant_mycOE,66.89631317,8.806,2565.23085
20,mutant_mycOE,50.238273,4.741,2491.7627
20,mutant_mycOE,50.238273,4.741,2491.7627
20,mutant_mycOE,50.238273,4.741,2491.7627
20,mutant_mycOE,50.238273,4.741,2491.7627
20,mutant_mycOE,50.238273,4.741,2491.7627
20,mutant_mycOE,50.238273,4.741,2491.7627
20,mutant_mycOE,50.238273,4.741,2491.7627
20,mutant_mycOE,50.238273,4.741,2491.7627
20,mutant_mycOE,50.238273,4.741,2491.7627
20,mutant_mycOE,50.238273,4.741,2491.7627
20,mutant_mycOE,50.238273,4.741,2491.7627
20,mutant_mycOE,50.238273,4.741,2491.7627
20,mutant_mycOE,50.238273,4.741,2491.7627
20,mutant_mycOE,50.238273,4.741,2491.7627
20,mutant_mycOE,50.238273,4.741,2491.7627
20,mutant_mycOE,50.238273,4.741,2491.7627
20,mutant_mycOE,50.238273,4.741,2491.7627
20,mutant_mycOE,50.238273,4.741,2491.7627
20,mutant_mycOE,50.238273,4.741,2491.7627
20,mutant_mycOE,50.238273,4.741,2491.7627
20,mutant_mycOE,50.238273,4.741,2491.7627
20,mutant_mycOE,50.238273,4.741,2491.7627
20,mutant_mycOE,50.238273,4.741,2491.7627
20,mutant_mycOE,50.238273,4.741,2491.7627
21,mutant_mycOE,53.5061495,7.623,2264.6936
21,mutant_mycOE,53.5061495,7.623,2264.6936
21,mutant_mycOE,53.5061495,7.623,2264.6936
21,mutant_mycOE,53.5061495,7.623,2264.6936
21,mutant_mycOE,53.5061495,7.623,2264.6936
21,mutant_mycOE,53.5061495,7.623,2264.6936
21,mutant_mycOE,53.5061495,7.623,2264.6936
21,mutant_mycOE,53.5061495,7.623,2264.6936
21,mutant_mycOE,53.5061495,7.623,2264.6936
21,mutant_mycOE,53.5061495,7.623,2264.6936
21,mutant_mycOE,53.5061495,7.623,2264.6936
21,mutant_mycOE,53.5061495,7.623,2264.6936
21,mutant_mycOE,53.5061495,7.623,2264.6936
21,mutant_mycOE,53.5061495,7.623,2264.6936
21,mutant_mycOE,53.5061495,7.623,2264.6936
21,mutant_mycOE,53.5061495,7.623,2264.6936
21,mutant_mycOE,53.5061495,7.623,2264.6936
21,mutant_mycOE,53.5061495,7.623,2264.6936
21,mutant_mycOE,53.5061495,7.623,2264.6936
21,mutant_mycOE,53.5061495,7.623,2264.6936
21,mutant_mycOE,53.5061495,7.623,2264.6936
21,mutant_mycOE,53.5061495,7.623,2264.6936
21,mutant_mycOE,53.5061495,7.623,2264.6936
21,mutant_mycOE,53.5061495,7.623,2264.6936
21,mutant_mycOE,53.5061495,7.623,2264.6936
22,mutant_mycOE,48.92199808,4.876,1848.0156
22,mutant_mycOE,48.92199808,4.876,1848.0156
22,mutant_mycOE,48.92199808,4.876,1848.0156
22,mutant_mycOE,48.92199808,4.876,1848.0156
22,mutant_mycOE,48.92199808,4.876,1848.0156
22,mutant_mycOE,48.92199808,4.876,1848.0156
22,mutant_mycOE,48.92199808,4.876,1848.0156
22,mutant_mycOE,48.92199808,4.876,1848.0156
22,mutant_mycOE,48.92199808,4.876,1848.0156
22,mutant_mycOE,48.92199808,4.876,1848.0156
22,mutant_mycOE,48.92199808,4.876,1848.0156
22,mutant_mycOE,48.92199808,4.876,1848.0156
22,mutant_mycOE,48.92199808,4.876,1848.0156
22,mutant_mycOE,48.92199808,4.876,1848.0156
22,mutant_mycOE,48.92199808,4.876,1848.0156
22,mutant_mycOE,48.92199808,4.876,1848.0156
22,mutant_mycOE,48.92199808,4.876,1848.0156
22,mutant_mycOE,48.92199808,4.876,1848.0156
22,mutant_mycOE,48.92199808,4.876,1848.0156
22,mutant_mycOE,48.92199808,4.876,1848.0156
22,mutant_mycOE,48.92199808,4.876,1848.0156
22,mutant_mycOE,48.92199808,4.876,1848.0156
22,mutant_mycOE,48.92199808,4.876,1848.0156
1,mutant_stg,51.00494325,13.274,931.5909
1,mutant_stg,51.00494325,13.274,931.5909
1,mutant_stg,51.00494325,13.274,931.5909
1,mutant_stg,51.00494325,13.274,931.5909
1,mutant_stg,51.00494325,13.274,931.5909
1,mutant_stg,51.00494325,13.274,931.5909
2,mutant_stg,58.12921075,7.91,1153.479
2,mutant_stg,58.12921075,7.91,1153.479
2,mutant_stg,58.12921075,7.91,1153.479
2,mutant_stg,58.12921075,7.91,1153.479
3,mutant_stg,55.41572742,7.617,1252.6716
3,mutant_stg,55.41572742,7.617,1252.6716
3,mutant_stg,55.41572742,7.617,1252.6716
3,mutant_stg,55.41572742,7.617,1252.6716
3,mutant_stg,55.41572742,7.617,1252.6716
3,mutant_stg,55.41572742,7.617,1252.6716
3,mutant_stg,55.41572742,7.617,1252.6716
3,mutant_stg,55.41572742,7.617,1252.6716
4,mutant_stg,47.53564883,8.389,739.8625
4,mutant_stg,47.53564883,8.389,739.8625
4,mutant_stg,47.53564883,8.389,739.8625
4,mutant_stg,47.53564883,8.389,739.8625
4,mutant_stg,47.53564883,8.389,739.8625
4,mutant_stg,47.53564883,8.389,739.8625
5,mutant_stg,50.25214133,8.278,919.392
5,mutant_stg,50.25214133,8.278,919.392
5,mutant_stg,50.25214133,8.278,919.392
5,mutant_stg,50.25214133,8.278,919.392
5,mutant_stg,50.25214133,8.278,919.392
5,mutant_stg,50.25214133,8.278,919.392
6,mutant_stg,59.79369858,2.399,1143.7921
6,mutant_stg,59.79369858,2.399,1143.7921
6,mutant_stg,59.79369858,2.399,1143.7921
6,mutant_stg,59.79369858,2.399,1143.7921
6,mutant_stg,59.79369858,2.399,1143.7921
6,mutant_stg,59.79369858,2.399,1143.7921
7,mutant_stg,54.26262783,6.581,1126.946
7,mutant_stg,54.26262783,6.581,1126.946
7,mutant_stg,54.26262783,6.581,1126.946
7,mutant_stg,54.26262783,6.581,1126.946
7,mutant_stg,54.26262783,6.581,1126.946
7,mutant_stg,54.26262783,6.581,1126.946
8,mutant_stg,64.468282,8.85,1009.17245
8,mutant_stg,64.468282,8.85,1009.17245
8,mutant_stg,64.468282,8.85,1009.17245
8,mutant_stg,64.468282,8.85,1009.17245
8,mutant_stg,64.468282,8.85,1009.17245
8,mutant_stg,64.468282,8.85,1009.17245
9,mutant_stg,61.284322,6.47,966.9316
9,mutant_stg,61.284322,6.47,966.9316
9,mutant_stg,61.284322,6.47,966.9316
9,mutant_stg,61.284322,6.47,966.9316
9,mutant_stg,61.284322,6.47,966.9316
9,mutant_stg,61.284322,6.47,966.9316
10,mutant_stg,48.9440278,4.333,1002.9474
10,mutant_stg,48.9440278,4.333,1002.9474
10,mutant_stg,48.9440278,4.333,1002.9474
10,mutant_stg,48.9440278,4.333,1002.9474
10,mutant_stg,48.9440278,4.333,1002.9474
11,mutant_stg,60.73671908,11.478,1163.44065
11,mutant_stg,60.73671908,11.478,1163.44065
11,mutant_stg,60.73671908,11.478,1163.44065
11,mutant_stg,60.73671908,11.478,1163.44065
11,mutant_stg,60.73671908,11.478,1163.44065
11,mutant_stg,60.73671908,11.478,1163.44065
11,mutant_stg,60.73671908,11.478,1163.44065
11,mutant_stg,60.73671908,11.478,1163.44065
2,mutant_cycb,47.56178933,6.626,1364.5184
2,mutant_cycb,47.56178933,6.626,1364.5184
2,mutant_cycb,47.56178933,6.626,1364.5184
2,mutant_cycb,47.56178933,6.626,1364.5184
2,mutant_cycb,47.56178933,6.626,1364.5184
2,mutant_cycb,47.56178933,6.626,1364.5184
2,mutant_cycb,47.56178933,6.626,1364.5184
2,mutant_cycb,47.56178933,6.626,1364.5184
2,mutant_cycb,47.56178933,6.626,1364.5184
2,mutant_cycb,47.56178933,6.626,1364.5184
2,mutant_cycb,47.56178933,6.626,1364.5184
2,mutant_cycb,47.56178933,6.626,1364.5184
2,mutant_cycb,47.56178933,6.626,1364.5184
2,mutant_cycb,47.56178933,6.626,1364.5184
2,mutant_cycb,47.56178933,6.626,1364.5184
2,mutant_cycb,47.56178933,6.626,1364.5184
2,mutant_cycb,47.56178933,6.626,1364.5184
2,mutant_cycb,47.56178933,6.626,1364.5184
2,mutant_cycb,47.56178933,6.626,1364.5184
2,mutant_cycb,47.56178933,6.626,1364.5184
3,mutant_cycb,52.77940958,12.302,1726.80375
3,mutant_cycb,52.77940958,12.302,1726.80375
3,mutant_cycb,52.77940958,12.302,1726.80375
3,mutant_cycb,52.77940958,12.302,1726.80375
3,mutant_cycb,52.77940958,12.302,1726.80375
3,mutant_cycb,52.77940958,12.302,1726.80375
3,mutant_cycb,52.77940958,12.302,1726.80375
3,mutant_cycb,52.77940958,12.302,1726.80375
3,mutant_cycb,52.77940958,12.302,1726.80375
3,mutant_cycb,52.77940958,12.302,1726.80375
3,mutant_cycb,52.77940958,12.302,1726.80375
3,mutant_cycb,52.77940958,12.302,1726.80375
3,mutant_cycb,52.77940958,12.302,1726.80375
3,mutant_cycb,52.77940958,12.302,1726.80375
3,mutant_cycb,52.77940958,12.302,1726.80375
3,mutant_cycb,52.77940958,12.302,1726.80375
3,mutant_cycb,52.77940958,12.302,1726.80375
3,mutant_cycb,52.77940958,12.302,1726.80375
3,mutant_cycb,52.77940958,12.302,1726.80375
4,mutant_cycb,54.71977258,6.265,1461.4502
4,mutant_cycb,54.71977258,6.265,1461.4502
4,mutant_cycb,54.71977258,6.265,1461.4502
4,mutant_cycb,54.71977258,6.265,1461.4502
4,mutant_cycb,54.71977258,6.265,1461.4502
4,mutant_cycb,54.71977258,6.265,1461.4502
4,mutant_cycb,54.71977258,6.265,1461.4502
4,mutant_cycb,54.71977258,6.265,1461.4502
4,mutant_cycb,54.71977258,6.265,1461.4502
4,mutant_cycb,54.71977258,6.265,1461.4502
4,mutant_cycb,54.71977258,6.265,1461.4502
4,mutant_cycb,54.71977258,6.265,1461.4502
4,mutant_cycb,54.71977258,6.265,1461.4502
4,mutant_cycb,54.71977258,6.265,1461.4502
4,mutant_cycb,54.71977258,6.265,1461.4502
4,mutant_cycb,54.71977258,6.265,1461.4502
4,mutant_cycb,54.71977258,6.265,1461.4502
4,mutant_cycb,54.71977258,6.265,1461.4502
4,mutant_cycb,54.71977258,6.265,1461.4502
8,mutant_cycb,55.31944717,4.469,1750.4558
8,mutant_cycb,55.31944717,4.469,1750.4558
8,mutant_cycb,55.31944717,4.469,1750.4558
8,mutant_cycb,55.31944717,4.469,1750.4558
8,mutant_cycb,55.31944717,4.469,1750.4558
8,mutant_cycb,55.31944717,4.469,1750.4558
8,mutant_cycb,55.31944717,4.469,1750.4558
8,mutant_cycb,55.31944717,4.469,1750.4558
8,mutant_cycb,55.31944717,4.469,1750.4558
8,mutant_cycb,55.31944717,4.469,1750.4558
8,mutant_cycb,55.31944717,4.469,1750.4558
8,mutant_cycb,55.31944717,4.469,1750.4558
8,mutant_cycb,55.31944717,4.469,1750.4558
8,mutant_cycb,55.31944717,4.469,1750.4558
8,mutant_cycb,55.31944717,4.469,1750.4558
8,mutant_cycb,55.31944717,4.469,1750.4558
8,mutant_cycb,55.31944717,4.469,1750.4558
10,mutant_cycb,52.35804775,6.075,2114.5859
10,mutant_cycb,52.35804775,6.075,2114.5859
10,mutant_cycb,52.35804775,6.075,2114.5859
10,mutant_cycb,52.35804775,6.075,2114.5859
10,mutant_cycb,52.35804775,6.075,2114.5859
10,mutant_cycb,52.35804775,6.075,2114.5859
10,mutant_cycb,52.35804775,6.075,2114.5859
10,mutant_cycb,52.35804775,6.075,2114.5859
10,mutant_cycb,52.35804775,6.075,2114.5859
10,mutant_cycb,52.35804775,6.075,2114.5859
10,mutant_cycb,52.35804775,6.075,2114.5859
10,mutant_cycb,52.35804775,6.075,2114.5859
10,mutant_cycb,52.35804775,6.075,2114.5859
10,mutant_cycb,52.35804775,6.075,2114.5859
10,mutant_cycb,52.35804775,6.075,2114.5859
10,mutant_cycb,52.35804775,6.075,2114.5859
10,mutant_cycb,52.35804775,6.075,2114.5859
10,mutant_cycb,52.35804775,6.075,2114.5859
10,mutant_cycb,52.35804775,6.075,2114.5859
11,mutant_cycb,52.05247342,3.825,1758.9495
11,mutant_cycb,52.05247342,3.825,1758.9495
11,mutant_cycb,52.05247342,3.825,1758.9495
11,mutant_cycb,52.05247342,3.825,1758.9495
11,mutant_cycb,52.05247342,3.825,1758.9495
11,mutant_cycb,52.05247342,3.825,1758.9495
11,mutant_cycb,52.05247342,3.825,1758.9495
11,mutant_cycb,52.05247342,3.825,1758.9495
11,mutant_cycb,52.05247342,3.825,1758.9495
11,mutant_cycb,52.05247342,3.825,1758.9495
11,mutant_cycb,52.05247342,3.825,1758.9495
11,mutant_cycb,52.05247342,3.825,1758.9495
11,mutant_cycb,52.05247342,3.825,1758.9495
11,mutant_cycb,52.05247342,3.825,1758.9495
11,mutant_cycb,52.05247342,3.825,1758.9495
11,mutant_cycb,52.05247342,3.825,1758.9495
11,mutant_cycb,52.05247342,3.825,1758.9495
11,mutant_cycb,52.05247342,3.825,1758.9495
11,mutant_cycb,52.05247342,3.825,1758.9495
11,mutant_cycb,52.05247342,3.825,1758.9495
12,mutant_cycb,57.33887275,5.487,1718.679
12,mutant_cycb,57.33887275,5.487,1718.679
12,mutant_cycb,57.33887275,5.487,1718.679
12,mutant_cycb,57.33887275,5.487,1718.679
12,mutant_cycb,57.33887275,5.487,1718.679
12,mutant_cycb,57.33887275,5.487,1718.679
12,mutant_cycb,57.33887275,5.487,1718.679
12,mutant_cycb,57.33887275,5.487,1718.679
12,mutant_cycb,57.33887275,5.487,1718.679
12,mutant_cycb,57.33887275,5.487,1718.679
12,mutant_cycb,57.33887275,5.487,1718.679
12,mutant_cycb,57.33887275,5.487,1718.679
12,mutant_cycb,57.33887275,5.487,1718.679
12,mutant_cycb,57.33887275,5.487,1718.679
12,mutant_cycb,57.33887275,5.487,1718.679
12,mutant_cycb,57.33887275,5.487,1718.679
12,mutant_cycb,57.33887275,5.487,1718.679
12,mutant_cycb,57.33887275,5.487,1718.679
16,mutant_cycb,60.97666742,7.081,1748.78375
16,mutant_cycb,60.97666742,7.081,1748.78375
16,mutant_cycb,60.97666742,7.081,1748.78375
16,mutant_cycb,60.97666742,7.081,1748.78375
16,mutant_cycb,60.97666742,7.081,1748.78375
16,mutant_cycb,60.97666742,7.081,1748.78375
16,mutant_cycb,60.97666742,7.081,1748.78375
16,mutant_cycb,60.97666742,7.081,1748.78375
16,mutant_cycb,60.97666742,7.081,1748.78375
16,mutant_cycb,60.97666742,7.081,1748.78375
16,mutant_cycb,60.97666742,7.081,1748.78375
16,mutant_cycb,60.97666742,7.081,1748.78375
16,mutant_cycb,60.97666742,7.081,1748.78375
16,mutant_cycb,60.97666742,7.081,1748.78375
16,mutant_cycb,60.97666742,7.081,1748.78375
16,mutant_cycb,60.97666742,7.081,1748.78375
16,mutant_cycb,60.97666742,7.081,1748.78375
16,mutant_cycb,60.97666742,7.081,1748.78375
16,mutant_cycb,60.97666742,7.081,1748.78375
16,mutant_cycb,60.97666742,7.081,1748.78375
16,mutant_cycb,60.97666742,7.081,1748.78375
16,mutant_cycb,60.97666742,7.081,1748.78375
18,mutant_cycb,49.72341767,4.273,1485.848
18,mutant_cycb,49.72341767,4.273,1485.848
18,mutant_cycb,49.72341767,4.273,1485.848
18,mutant_cycb,49.72341767,4.273,1485.848
18,mutant_cycb,49.72341767,4.273,1485.848
18,mutant_cycb,49.72341767,4.273,1485.848
18,mutant_cycb,49.72341767,4.273,1485.848
18,mutant_cycb,49.72341767,4.273,1485.848
18,mutant_cycb,49.72341767,4.273,1485.848
18,mutant_cycb,49.72341767,4.273,1485.848
18,mutant_cycb,49.72341767,4.273,1485.848
18,mutant_cycb,49.72341767,4.273,1485.848
18,mutant_cycb,49.72341767,4.273,1485.848
18,mutant_cycb,49.72341767,4.273,1485.848
18,mutant_cycb,49.72341767,4.273,1485.848
18,mutant_cycb,49.72341767,4.273,1485.848
18,mutant_cycb,49.72341767,4.273,1485.848
18,mutant_cycb,49.72341767,4.273,1485.848
18,mutant_cycb,49.72341767,4.273,1485.848
18,mutant_cycb,49.72341767,4.273,1485.848
18,mutant_cycb,49.72341767,4.273,1485.848
19,mutant_cycb,57.08297583,8.227,1645.2972
19,mutant_cycb,57.08297583,8.227,1645.2972
19,mutant_cycb,57.08297583,8.227,1645.2972
19,mutant_cycb,57.08297583,8.227,1645.2972
19,mutant_cycb,57.08297583,8.227,1645.2972
19,mutant_cycb,57.08297583,8.227,1645.2972
19,mutant_cycb,57.08297583,8.227,1645.2972
19,mutant_cycb,57.08297583,8.227,1645.2972
19,mutant_cycb,57.08297583,8.227,1645.2972
19,mutant_cycb,57.08297583,8.227,1645.2972
19,mutant_cycb,57.08297583,8.227,1645.2972
19,mutant_cycb,57.08297583,8.227,1645.2972
19,mutant_cycb,57.08297583,8.227,1645.2972
19,mutant_cycb,57.08297583,8.227,1645.2972
19,mutant_cycb,57.08297583,8.227,1645.2972
19,mutant_cycb,57.08297583,8.227,1645.2972
19,mutant_cycb,57.08297583,8.227,1645.2972
19,mutant_cycb,57.08297583,8.227,1645.2972
19,mutant_cycb,57.08297583,8.227,1645.2972
19,mutant_cycb,57.08297583,8.227,1645.2972
20,mutant_cycb,58.17460992,5.373,2071.66995
20,mutant_cycb,58.17460992,5.373,2071.66995
20,mutant_cycb,58.17460992,5.373,2071.66995
20,mutant_cycb,58.17460992,5.373,2071.66995
20,mutant_cycb,58.17460992,5.373,2071.66995
20,mutant_cycb,58.17460992,5.373,2071.66995
20,mutant_cycb,58.17460992,5.373,2071.66995
20,mutant_cycb,58.17460992,5.373,2071.66995
20,mutant_cycb,58.17460992,5.373,2071.66995
20,mutant_cycb,58.17460992,5.373,2071.66995
20,mutant_cycb,58.17460992,5.373,2071.66995
20,mutant_cycb,58.17460992,5.373,2071.66995
20,mutant_cycb,58.17460992,5.373,2071.66995
20,mutant_cycb,58.17460992,5.373,2071.66995
20,mutant_cycb,58.17460992,5.373,2071.66995
20,mutant_cycb,58.17460992,5.373,2071.66995
20,mutant_cycb,58.17460992,5.373,2071.66995
20,mutant_cycb,58.17460992,5.373,2071.66995
20,mutant_cycb,58.17460992,5.373,2071.66995
20,mutant_cycb,58.17460992,5.373,2071.66995
20,mutant_cycb,58.17460992,5.373,2071.66995
20,mutant_cycb,58.17460992,5.373,2071.66995
2.1,control,68.50057842,9.337,1810.40625
2.1,control,68.50057842,9.337,1810.40625
2.1,control,68.50057842,9.337,1810.40625
2.1,control,68.50057842,9.337,1810.40625
2.1,control,68.50057842,9.337,1810.40625
2.1,control,68.50057842,9.337,1810.40625
2.1,control,68.50057842,9.337,1810.40625
2.1,control,68.50057842,9.337,1810.40625
2.1,control,68.50057842,9.337,1810.40625
2.1,control,68.50057842,9.337,1810.40625
2.1,control,68.50057842,9.337,1810.40625
2.1,control,68.50057842,9.337,1810.40625
2.1,control,68.50057842,9.337,1810.40625
2.1,control,68.50057842,9.337,1810.40625
2.1,control,68.50057842,9.337,1810.40625
2.1,control,68.50057842,9.337,1810.40625
2.1,control,68.50057842,9.337,1810.40625
2.1,control,68.50057842,9.337,1810.40625
2.1,control,68.50057842,9.337,1810.40625
2.1,control,68.50057842,9.337,1810.40625
3.1,control,79.50885583,5.903,2158.9227
3.1,control,79.50885583,5.903,2158.9227
3.1,control,79.50885583,5.903,2158.9227
3.1,control,79.50885583,5.903,2158.9227
3.1,control,79.50885583,5.903,2158.9227
3.1,control,79.50885583,5.903,2158.9227
3.1,control,79.50885583,5.903,2158.9227
3.1,control,79.50885583,5.903,2158.9227
3.1,control,79.50885583,5.903,2158.9227
3.1,control,79.50885583,5.903,2158.9227
3.1,control,79.50885583,5.903,2158.9227
3.1,control,79.50885583,5.903,2158.9227
3.1,control,79.50885583,5.903,2158.9227
3.1,control,79.50885583,5.903,2158.9227
3.1,control,79.50885583,5.903,2158.9227
3.1,control,79.50885583,5.903,2158.9227
3.1,control,79.50885583,5.903,2158.9227
3.1,control,79.50885583,5.903,2158.9227
3.1,control,79.50885583,5.903,2158.9227
4.1,control,53.8623825,8.682,1436.3302
4.1,control,53.8623825,8.682,1436.3302
4.1,control,53.8623825,8.682,1436.3302
4.1,control,53.8623825,8.682,1436.3302
4.1,control,53.8623825,8.682,1436.3302
4.1,control,53.8623825,8.682,1436.3302
4.1,control,53.8623825,8.682,1436.3302
4.1,control,53.8623825,8.682,1436.3302
4.1,control,53.8623825,8.682,1436.3302
4.1,control,53.8623825,8.682,1436.3302
4.1,control,53.8623825,8.682,1436.3302
4.1,control,53.8623825,8.682,1436.3302
4.1,control,53.8623825,8.682,1436.3302
4.1,control,53.8623825,8.682,1436.3302
4.1,control,53.8623825,8.682,1436.3302
4.1,control,53.8623825,8.682,1436.3302
4.1,control,53.8623825,8.682,1436.3302
4.1,control,53.8623825,8.682,1436.3302
4.1,control,53.8623825,8.682,1436.3302
5.1,control,56.24874325,4.905,1486.3347
5.1,control,56.24874325,4.905,1486.3347
5.1,control,56.24874325,4.905,1486.3347
5.1,control,56.24874325,4.905,1486.3347
5.1,control,56.24874325,4.905,1486.3347
5.1,control,56.24874325,4.905,1486.3347
5.1,control,56.24874325,4.905,1486.3347
5.1,control,56.24874325,4.905,1486.3347
5.1,control,56.24874325,4.905,1486.3347
5.1,control,56.24874325,4.905,1486.3347
5.1,control,56.24874325,4.905,1486.3347
5.1,control,56.24874325,4.905,1486.3347
5.1,control,56.24874325,4.905,1486.3347
5.1,control,56.24874325,4.905,1486.3347
5.1,control,56.24874325,4.905,1486.3347
5.1,control,56.24874325,4.905,1486.3347
5.1,control,56.24874325,4.905,1486.3347
5.1,control,56.24874325,4.905,1486.3347
5.1,control,56.24874325,4.905,1486.3347
6.1,control,55.82647867,4.176,1388.06055
6.1,control,55.82647867,4.176,1388.06055
6.1,control,55.82647867,4.176,1388.06055
6.1,control,55.82647867,4.176,1388.06055
6.1,control,55.82647867,4.176,1388.06055
6.1,control,55.82647867,4.176,1388.06055
6.1,control,55.82647867,4.176,1388.06055
6.1,control,55.82647867,4.176,1388.06055
6.1,control,55.82647867,4.176,1388.06055
6.1,control,55.82647867,4.176,1388.06055
6.1,control,55.82647867,4.176,1388.06055
6.1,control,55.82647867,4.176,1388.06055
6.1,control,55.82647867,4.176,1388.06055
6.1,control,55.82647867,4.176,1388.06055
6.1,control,55.82647867,4.176,1388.06055
6.1,control,55.82647867,4.176,1388.06055
6.1,control,55.82647867,4.176,1388.06055
6.1,control,55.82647867,4.176,1388.06055
7.1,control,59.332498,8.999,1950.85845
7.1,control,59.332498,8.999,1950.85845
7.1,control,59.332498,8.999,1950.85845
7.1,control,59.332498,8.999,1950.85845
7.1,control,59.332498,8.999,1950.85845
7.1,control,59.332498,8.999,1950.85845
7.1,control,59.332498,8.999,1950.85845
7.1,control,59.332498,8.999,1950.85845
7.1,control,59.332498,8.999,1950.85845
7.1,control,59.332498,8.999,1950.85845
7.1,control,59.332498,8.999,1950.85845
7.1,control,59.332498,8.999,1950.85845
7.1,control,59.332498,8.999,1950.85845
7.1,control,59.332498,8.999,1950.85845
7.1,control,59.332498,8.999,1950.85845
7.1,control,59.332498,8.999,1950.85845
7.1,control,59.332498,8.999,1950.85845
7.1,control,59.332498,8.999,1950.85845
7.1,control,59.332498,8.999,1950.85845
7.1,control,59.332498,8.999,1950.85845
8.1,control,57.88799333,6.82,1686.8865
8.1,control,57.88799333,6.82,1686.8865
8.1,control,57.88799333,6.82,1686.8865
8.1,control,57.88799333,6.82,1686.8865
8.1,control,57.88799333,6.82,1686.8865
8.1,control,57.88799333,6.82,1686.8865
8.1,control,57.88799333,6.82,1686.8865
8.1,control,57.88799333,6.82,1686.8865
8.1,control,57.88799333,6.82,1686.8865
8.1,control,57.88799333,6.82,1686.8865
8.1,control,57.88799333,6.82,1686.8865
8.1,control,57.88799333,6.82,1686.8865
8.1,control,57.88799333,6.82,1686.8865
8.1,control,57.88799333,6.82,1686.8865
8.1,control,57.88799333,6.82,1686.8865
8.1,control,57.88799333,6.82,1686.8865
8.1,control,57.88799333,6.82,1686.8865
8.1,control,57.88799333,6.82,1686.8865
8.1,control,57.88799333,6.82,1686.8865
10.1,control,77.63463693,12.912,2168.2328
10.1,control,77.63463693,12.912,2168.2328
10.1,control,77.63463693,12.912,2168.2328
10.1,control,77.63463693,12.912,2168.2328
10.1,control,77.63463693,12.912,2168.2328
10.1,control,77.63463693,12.912,2168.2328
10.1,control,77.63463693,12.912,2168.2328
10.1,control,77.63463693,12.912,2168.2328
10.1,control,77.63463693,12.912,2168.2328
10.1,control,77.63463693,12.912,2168.2328
10.1,control,77.63463693,12.912,2168.2328
10.1,control,77.63463693,12.912,2168.2328
10.1,control,77.63463693,12.912,2168.2328
10.1,control,77.63463693,12.912,2168.2328
10.1,control,77.63463693,12.912,2168.2328
10.1,control,77.63463693,12.912,2168.2328
10.1,control,77.63463693,12.912,2168.2328
10.1,control,77.63463693,12.912,2168.2328
10.1,control,77.63463693,12.912,2168.2328
11.1,control,64.25682917,4.178,2036.918
11.1,control,64.25682917,4.178,2036.918
11.1,control,64.25682917,4.178,2036.918
11.1,control,64.25682917,4.178,2036.918
11.1,control,64.25682917,4.178,2036.918
11.1,control,64.25682917,4.178,2036.918
11.1,control,64.25682917,4.178,2036.918
11.1,control,64.25682917,4.178,2036.918
11.1,control,64.25682917,4.178,2036.918
11.1,control,64.25682917,4.178,2036.918
11.1,control,64.25682917,4.178,2036.918
11.1,control,64.25682917,4.178,2036.918
11.1,control,64.25682917,4.178,2036.918
11.1,control,64.25682917,4.178,2036.918
11.1,control,64.25682917,4.178,2036.918
11.1,control,64.25682917,4.178,2036.918
11.1,control,64.25682917,4.178,2036.918
11.1,control,64.25682917,4.178,2036.918
12.1,control,54.65309992,5.467,1785.82005
12.1,control,54.65309992,5.467,1785.82005
12.1,control,54.65309992,5.467,1785.82005
12.1,control,54.65309992,5.467,1785.82005
12.1,control,54.65309992,5.467,1785.82005
12.1,control,54.65309992,5.467,1785.82005
12.1,control,54.65309992,5.467,1785.82005
12.1,control,54.65309992,5.467,1785.82005
12.1,control,54.65309992,5.467,1785.82005
12.1,control,54.65309992,5.467,1785.82005
12.1,control,54.65309992,5.467,1785.82005
12.1,control,54.65309992,5.467,1785.82005
12.1,control,54.65309992,5.467,1785.82005
12.1,control,54.65309992,5.467,1785.82005
12.1,control,54.65309992,5.467,1785.82005
12.1,control,54.65309992,5.467,1785.82005
12.1,control,54.65309992,5.467,1785.82005
12.1,control,54.65309992,5.467,1785.82005
12.1,control,54.65309992,5.467,1785.82005
13.1,control,60.86146213,6.66,1775.984
13.1,control,60.86146213,6.66,1775.984
13.1,control,60.86146213,6.66,1775.984
13.1,control,60.86146213,6.66,1775.984
13.1,control,60.86146213,6.66,1775.984
13.1,control,60.86146213,6.66,1775.984
13.1,control,60.86146213,6.66,1775.984
13.1,control,60.86146213,6.66,1775.984
13.1,control,60.86146213,6.66,1775.984
13.1,control,60.86146213,6.66,1775.984
13.1,control,60.86146213,6.66,1775.984
13.1,control,60.86146213,6.66,1775.984
13.1,control,60.86146213,6.66,1775.984
13.1,control,60.86146213,6.66,1775.984
13.1,control,60.86146213,6.66,1775.984
13.1,control,60.86146213,6.66,1775.984
13.1,control,60.86146213,6.66,1775.984
13.1,control,60.86146213,6.66,1775.984
14.1,control,54.73091958,5.534,1845.4722
14.1,control,54.73091958,5.534,1845.4722
14.1,control,54.73091958,5.534,1845.4722
14.1,control,54.73091958,5.534,1845.4722
14.1,control,54.73091958,5.534,1845.4722
14.1,control,54.73091958,5.534,1845.4722
14.1,control,54.73091958,5.534,1845.4722
14.1,control,54.73091958,5.534,1845.4722
14.1,control,54.73091958,5.534,1845.4722
14.1,control,54.73091958,5.534,1845.4722
14.1,control,54.73091958,5.534,1845.4722
14.1,control,54.73091958,5.534,1845.4722
14.1,control,54.73091958,5.534,1845.4722
14.1,control,54.73091958,5.534,1845.4722
14.1,control,54.73091958,5.534,1845.4722
14.1,control,54.73091958,5.534,1845.4722
14.1,control,54.73091958,5.534,1845.4722
14.1,control,54.73091958,5.534,1845.4722
14.1,control,54.73091958,5.534,1845.4722
14.1,control,54.73091958,5.534,1845.4722
15.1,control,59.07739917,5.669,1664.671
15.1,control,59.07739917,5.669,1664.671
15.1,control,59.07739917,5.669,1664.671
15.1,control,59.07739917,5.669,1664.671
15.1,control,59.07739917,5.669,1664.671
15.1,control,59.07739917,5.669,1664.671
15.1,control,59.07739917,5.669,1664.671
15.1,control,59.07739917,5.669,1664.671
15.1,control,59.07739917,5.669,1664.671
15.1,control,59.07739917,5.669,1664.671
15.1,control,59.07739917,5.669,1664.671
15.1,control,59.07739917,5.669,1664.671
15.1,control,59.07739917,5.669,1664.671
15.1,control,59.07739917,5.669,1664.671
15.1,control,59.07739917,5.669,1664.671
15.1,control,59.07739917,5.669,1664.671
15.1,control,59.07739917,5.669,1664.671
15.1,control,59.07739917,5.669,1664.671
15.1,control,59.07739917,5.669,1664.671
16.1,control,65.02340783,6.554,1639.33905
16.1,control,65.02340783,6.554,1639.33905
16.1,control,65.02340783,6.554,1639.33905
16.1,control,65.02340783,6.554,1639.33905
16.1,control,65.02340783,6.554,1639.33905
16.1,control,65.02340783,6.554,1639.33905
16.1,control,65.02340783,6.554,1639.33905
16.1,control,65.02340783,6.554,1639.33905
16.1,control,65.02340783,6.554,1639.33905
16.1,control,65.02340783,6.554,1639.33905
16.1,control,65.02340783,6.554,1639.33905
16.1,control,65.02340783,6.554,1639.33905
16.1,control,65.02340783,6.554,1639.33905
16.1,control,65.02340783,6.554,1639.33905
16.1,control,65.02340783,6.554,1639.33905
16.1,control,65.02340783,6.554,1639.33905
16.1,control,65.02340783,6.554,1639.33905
16.1,control,65.02340783,6.554,1639.33905
16.1,control,65.02340783,6.554,1639.33905
17.1,control,64.57313183,4.586,1808.2161
17.1,control,64.57313183,4.586,1808.2161
17.1,control,64.57313183,4.586,1808.2161
17.1,control,64.57313183,4.586,1808.2161
17.1,control,64.57313183,4.586,1808.2161
17.1,control,64.57313183,4.586,1808.2161
17.1,control,64.57313183,4.586,1808.2161
17.1,control,64.57313183,4.586,1808.2161
17.1,control,64.57313183,4.586,1808.2161
17.1,control,64.57313183,4.586,1808.2161
17.1,control,64.57313183,4.586,1808.2161
17.1,control,64.57313183,4.586,1808.2161
17.1,control,64.57313183,4.586,1808.2161
17.1,control,64.57313183,4.586,1808.2161
17.1,control,64.57313183,4.586,1808.2161
17.1,control,64.57313183,4.586,1808.2161
17.1,control,64.57313183,4.586,1808.2161
17.1,control,64.57313183,4.586,1808.2161
17.1,control,64.57313183,4.586,1808.2161
18.1,control,62.63495375,4.49,1815.90125
18.1,control,62.63495375,4.49,1815.90125
18.1,control,62.63495375,4.49,1815.90125
18.1,control,62.63495375,4.49,1815.90125
18.1,control,62.63495375,4.49,1815.90125
18.1,control,62.63495375,4.49,1815.90125
18.1,control,62.63495375,4.49,1815.90125
18.1,control,62.63495375,4.49,1815.90125
18.1,control,62.63495375,4.49,1815.90125
18.1,control,62.63495375,4.49,1815.90125
18.1,control,62.63495375,4.49,1815.90125
18.1,control,62.63495375,4.49,1815.90125
18.1,control,62.63495375,4.49,1815.90125
18.1,control,62.63495375,4.49,1815.90125
18.1,control,62.63495375,4.49,1815.90125
18.1,control,62.63495375,4.49,1815.90125
18.1,control,62.63495375,4.49,1815.90125
18.1,control,62.63495375,4.49,1815.90125
18.1,control,62.63495375,4.49,1815.90125
18.1,control,62.63495375,4.49,1815.90125
18.1,control,62.63495375,4.49,1815.90125
