Group,Category,X,Y,AverageSize,AverageDeviation,PlaneSize
1,control,-1.51,15.7,75.77160167,3.761,2153.1765
1,control,-14.3,13.4,75.77160167,3.761,2153.1765
1,control,-25.3,10.4,75.77160167,3.761,2153.1765
1,control,-7.93,2.76,75.77160167,3.761,2153.1765
1,control,-24.4,-2.69,75.77160167,3.761,2153.1765
1,control,-17.7,-10.6,75.77160167,3.761,2153.1765
1,control,-6.84,-13,75.77160167,3.761,2153.1765
1,control,-7.5,-17.7,75.77160167,3.761,2153.1765
1,control,5.77,-17.6,75.77160167,3.761,2153.1765
1,control,9.16,-12.4,75.77160167,3.761,2153.1765
1,control,20.4,-17,75.77160167,3.761,2153.1765
1,control,23.6,-9.23,75.77160167,3.761,2153.1765
1,control,26.3,-1.79,75.77160167,3.761,2153.1765
1,control,15.1,-1.38,75.77160167,3.761,2153.1765
1,control,26.6,5.05,75.77160167,3.761,2153.1765
1,control,21.5,12.5,75.77160167,3.761,2153.1765
1,control,9.38,14.9,75.77160167,3.761,2153.1765
1,control,2.61,7.32,75.77160167,3.761,2153.1765
2,control,3.67,16.6,71.84660167,6.246,1651.64
2,control,11.9,15,71.84660167,6.246,1651.64
2,control,4.75,3.14,71.84660167,6.246,1651.64
2,control,-7.09,11.1,71.84660167,6.246,1651.64
2,control,-6.36,18.1,71.84660167,6.246,1651.64
2,control,-16.1,14.4,71.84660167,6.246,1651.64
2,control,-21.3,11.6,71.84660167,6.246,1651.64
2,control,-16.7,-0.934,71.84660167,6.246,1651.64
2,control,-22.2,-10.7,71.84660167,6.246,1651.64
2,control,-12,-17.4,71.84660167,6.246,1651.64
2,control,-10.7,-7.72,71.84660167,6.246,1651.64
2,control,-3.54,-8.11,71.84660167,6.246,1651.64
2,control,-2.26,-14.8,71.84660167,6.246,1651.64
2,control,8.06,-17,71.84660167,6.246,1651.64
2,control,17,-9.59,71.84660167,6.246,1651.64
2,control,22.7,-2.73,71.84660167,6.246,1651.64
2,control,14.5,4.93,71.84660167,6.246,1651.64
2,control,23.1,10.3,71.84660167,6.246,1651.64
3,control,-4.59,17.5,77.286861,6.918,2126.6592
3,control,-7.59,9.7,77.286861,6.918,2126.6592
3,control,-20.3,17.4,77.286861,6.918,2126.6592
3,control,-23.9,6.76,77.286861,6.918,2126.6592
3,control,-26,-0.491,77.286861,6.918,2126.6592
3,control,-13,-0.425,77.286861,6.918,2126.6592
3,control,-26.5,-8.41,77.286861,6.918,2126.6592
3,control,-18.6,-15.5,77.286861,6.918,2126.6592
3,control,-6.8,-16.7,77.286861,6.918,2126.6592
3,control,-0.211,-8.45,77.286861,6.918,2126.6592
3,control,6.61,-17.5,77.286861,6.918,2126.6592
3,control,12.2,-2.24,77.286861,6.918,2126.6592
3,control,15.6,-14.5,77.286861,6.918,2126.6592
3,control,29.3,-8.61,77.286861,6.918,2126.6592
3,control,27.8,4.37,77.286861,6.918,2126.6592
3,control,20.9,12.3,77.286861,6.918,2126.6592
3,control,10.4,15.1,77.286861,6.918,2126.6592
3,control,13.7,19.9,77.286861,6.918,2126.6592
4,control,-10.9,18.7,67.43577825,7.367,1733.7824
4,control,-12.1,12.9,67.43577825,7.367,1733.7824
4,control,-9.26,5.9,67.43577825,7.367,1733.7824
4,control,-21.6,13.5,67.43577825,7.367,1733.7824
4,control,-25.3,2.53,67.43577825,7.367,1733.7824
4,control,-11.7,0.411,67.43577825,7.367,1733.7824
4,control,-19,-5,67.43577825,7.367,1733.7824
4,control,-23.1,-13.9,67.43577825,7.367,1733.7824
4,control,-13.1,-17.2,67.43577825,7.367,1733.7824
4,control,-1.51,-18.1,67.43577825,7.367,1733.7824
4,control,8.02,-15.1,67.43577825,7.367,1733.7824
4,control,8.52,-6.47,67.43577825,7.367,1733.7824
4,control,20.6,-7.7,67.43577825,7.367,1733.7824
4,control,9.86,2.83,67.43577825,7.367,1733.7824
4,control,22.4,1.6,67.43577825,7.367,1733.7824
4,control,0.895,15.6,67.43577825,7.367,1733.7824
4,control,9.17,17.2,67.43577825,7.367,1733.7824
4,control,19.4,15.8,67.43577825,7.367,1733.7824
4,control,23.7,9.01,67.43577825,7.367,1733.7824
5,control,-0.767,13.6,66.50546167,12.335,1884.0942
5,control,-9,4.49,66.50546167,12.335,1884.0942
5,control,-11.7,15.6,66.50546167,12.335,1884.0942
5,control,-19.9,9.98,66.50546167,12.335,1884.0942
5,control,-25.9,2.22,66.50546167,12.335,1884.0942
5,control,-25.9,-7.01,66.50546167,12.335,1884.0942
5,control,-23.4,-13,66.50546167,12.335,1884.0942
5,control,-11.9,-14.9,66.50546167,12.335,1884.0942
5,control,-13.4,-5.98,66.50546167,12.335,1884.0942
5,control,-0.791,-15.8,66.50546167,12.335,1884.0942
5,control,0.167,-10.1,66.50546167,12.335,1884.0942
5,control,11.2,-13.8,66.50546167,12.335,1884.0942
5,control,22.9,-14.9,66.50546167,12.335,1884.0942
5,control,29.2,-10.2,66.50546167,12.335,1884.0942
5,control,17.4,-4.71,66.50546167,12.335,1884.0942
5,control,5.73,0.235,66.50546167,12.335,1884.0942
5,control,10.7,6.91,66.50546167,12.335,1884.0942
5,control,22,6.16,66.50546167,12.335,1884.0942
5,control,32.8,1.48,66.50546167,12.335,1884.0942
6,control,-0.0813,22.4,76.63798,5.674,2451.3666
6,control,-9.68,21.6,76.63798,5.674,2451.3666
6,control,-6.59,10.9,76.63798,5.674,2451.3666
6,control,-18.6,16.6,76.63798,5.674,2451.3666
6,control,-21.9,5.3,76.63798,5.674,2451.3666
6,control,-29,-0.00745,76.63798,5.674,2451.3666
6,control,-20.3,-4.69,76.63798,5.674,2451.3666
6,control,-21.4,-15.7,76.63798,5.674,2451.3666
6,control,-12.4,-21.2,76.63798,5.674,2451.3666
6,control,0.732,-19.7,76.63798,5.674,2451.3666
6,control,1.71,-12.6,76.63798,5.674,2451.3666
6,control,11,-21.3,76.63798,5.674,2451.3666
6,control,19.1,-18.3,76.63798,5.674,2451.3666
6,control,25.5,-15.6,76.63798,5.674,2451.3666
6,control,27.2,-9.97,76.63798,5.674,2451.3666
6,control,14.9,-5.61,76.63798,5.674,2451.3666
6,control,26.9,0.345,76.63798,5.674,2451.3666
6,control,19.4,11.2,76.63798,5.674,2451.3666
6,control,4.96,13.4,76.63798,5.674,2451.3666
7,control,-1.06,18.7,67.3400475,12.732,1805.1075
7,control,-2.27,12.2,67.3400475,12.732,1805.1075
7,control,-7.75,11.3,67.3400475,12.732,1805.1075
7,control,-7.66,18.5,67.3400475,12.732,1805.1075
7,control,-16.6,9.28,67.3400475,12.732,1805.1075
7,control,-25,-2.99,67.3400475,12.732,1805.1075
7,control,-20.7,-8.78,67.3400475,12.732,1805.1075
7,control,-15.1,-16.8,67.3400475,12.732,1805.1075
7,control,-8.02,-7.07,67.3400475,12.732,1805.1075
7,control,-1.62,-12.9,67.3400475,12.732,1805.1075
7,control,0.656,-19.1,67.3400475,12.732,1805.1075
7,control,10.5,-15,67.3400475,12.732,1805.1075
7,control,17.2,-10.4,67.3400475,12.732,1805.1075
7,control,11.6,-0.273,67.3400475,12.732,1805.1075
7,control,23,-0.1,67.3400475,12.732,1805.1075
7,control,2.39,4.25,67.3400475,12.732,1805.1075
7,control,19.1,8.58,67.3400475,12.732,1805.1075
7,control,16.8,16.6,67.3400475,12.732,1805.1075
7,control,8.05,18.5,67.3400475,12.732,1805.1075
8,control,-6.09,29,67.595879,5.279,1827.7155
8,control,-5.22,16.2,67.595879,5.279,1827.7155
8,control,-17.3,24.2,67.595879,5.279,1827.7155
8,control,-19.7,13.1,67.595879,5.279,1827.7155
8,control,-24.8,2.72,67.595879,5.279,1827.7155
8,control,-20.6,-10.9,67.595879,5.279,1827.7155
8,control,-10.3,-15.6,67.595879,5.279,1827.7155
8,control,-4.47,-8.16,67.595879,5.279,1827.7155
8,control,3.07,-17,67.595879,5.279,1827.7155
8,control,6.2,-7.71,67.595879,5.279,1827.7155
8,control,15.6,-15.9,67.595879,5.279,1827.7155
8,control,17.7,-5.19,67.595879,5.279,1827.7155
8,control,25.5,0.208,67.595879,5.279,1827.7155
8,control,21.3,8.45,67.595879,5.279,1827.7155
8,control,24,18.4,67.595879,5.279,1827.7155
8,control,17.8,26.8,67.595879,5.279,1827.7155
8,control,10.5,17.9,67.595879,5.279,1827.7155
8,control,4.25,27.4,67.595879,5.279,1827.7155
8,control,0.633,12.1,67.595879,5.279,1827.7155
9,control,-1.04,15.5,73.82491942,6.954,2075.1632
9,control,-8.4,6.39,73.82491942,6.954,2075.1632
9,control,-14.2,16.4,73.82491942,6.954,2075.1632
9,control,-23.1,10.5,73.82491942,6.954,2075.1632
9,control,-28.2,2.31,73.82491942,6.954,2075.1632
9,control,-30.5,-7.06,73.82491942,6.954,2075.1632
9,control,-24.4,-12.4,73.82491942,6.954,2075.1632
9,control,-13.4,-11.7,73.82491942,6.954,2075.1632
9,control,-14.2,-3.4,73.82491942,6.954,2075.1632
9,control,-1.49,-14.8,73.82491942,6.954,2075.1632
9,control,1.04,-8.23,73.82491942,6.954,2075.1632
9,control,10.7,-11.1,73.82491942,6.954,2075.1632
9,control,22.1,-12.7,73.82491942,6.954,2075.1632
9,control,27.1,-6.6,73.82491942,6.954,2075.1632
9,control,19.3,-1.43,73.82491942,6.954,2075.1632
9,control,5.54,3.43,73.82491942,6.954,2075.1632
9,control,12.2,10.8,73.82491942,6.954,2075.1632
9,control,22.4,9,73.82491942,6.954,2075.1632
9,control,30,3.31,73.82491942,6.954,2075.1632
10,control,-6.77,9.43,54.41864658,5.835,1143.6194
10,control,-1.65,5.19,54.41864658,5.835,1143.6194
10,control,-4.61,0.174,54.41864658,5.835,1143.6194
10,control,-15.2,3.01,54.41864658,5.835,1143.6194
10,control,-14.5,8.76,54.41864658,5.835,1143.6194
10,control,-23.7,7.99,54.41864658,5.835,1143.6194
10,control,-26.6,-1.64,54.41864658,5.835,1143.6194
10,control,-20.4,-6.7,54.41864658,5.835,1143.6194
10,control,-11.2,-8.93,54.41864658,5.835,1143.6194
10,control,-0.83,-9.8,54.41864658,5.835,1143.6194
10,control,4.27,-9.89,54.41864658,5.835,1143.6194
10,control,0.138,-4.4,54.41864658,5.835,1143.6194
10,control,16.2,-6.52,54.41864658,5.835,1143.6194
10,control,25.6,-3.69,54.41864658,5.835,1143.6194
10,control,8.19,1.11,54.41864658,5.835,1143.6194
10,control,25.1,4.04,54.41864658,5.835,1143.6194
10,control,20.6,8.5,54.41864658,5.835,1143.6194
10,control,11.1,9.7,54.41864658,5.835,1143.6194
10,control,1.93,10.1,54.41864658,5.835,1143.6194
11,control,-1.95,6.52,54.62248492,5.207,1112.52555
11,control,-9.46,10.7,54.62248492,5.207,1112.52555
11,control,-12.2,4.79,54.62248492,5.207,1112.52555
11,control,-20.9,3.96,54.62248492,5.207,1112.52555
11,control,-14.4,-2.51,54.62248492,5.207,1112.52555
11,control,-20.9,-5.78,54.62248492,5.207,1112.52555
11,control,-11.5,-7.81,54.62248492,5.207,1112.52555
11,control,-6.22,-11.4,54.62248492,5.207,1112.52555
11,control,4.4,-12.2,54.62248492,5.207,1112.52555
11,control,4.32,-2.95,54.62248492,5.207,1112.52555
11,control,12.3,-9.39,54.62248492,5.207,1112.52555
11,control,23.5,-8.25,54.62248492,5.207,1112.52555
11,control,17.3,-2.03,54.62248492,5.207,1112.52555
11,control,15.9,6.31,54.62248492,5.207,1112.52555
11,control,22.9,9.22,54.62248492,5.207,1112.52555
11,control,16.4,11.6,54.62248492,5.207,1112.52555
11,control,8.91,11.6,54.62248492,5.207,1112.52555
11,control,4,6.66,54.62248492,5.207,1112.52555
11,control,-0.49,9.93,54.62248492,5.207,1112.52555
12,control,-1.57,17.1,63.7733215,12.902,1818.06
12,control,-16.6,17.3,63.7733215,12.902,1818.06
12,control,-20.6,7.27,63.7733215,12.902,1818.06
12,control,-24,-3.62,63.7733215,12.902,1818.06
12,control,-11.2,0.437,63.7733215,12.902,1818.06
12,control,-7.74,-5.34,63.7733215,12.902,1818.06
12,control,-14.5,-15.1,63.7733215,12.902,1818.06
12,control,-5.47,-18,63.7733215,12.902,1818.06
12,control,6.43,-19.1,63.7733215,12.902,1818.06
12,control,13,-13.8,63.7733215,12.902,1818.06
12,control,5.83,-9.94,63.7733215,12.902,1818.06
12,control,4.01,-1.63,63.7733215,12.902,1818.06
12,control,18.3,-5.72,63.7733215,12.902,1818.06
12,control,23.8,4.37,63.7733215,12.902,1818.06
12,control,24,12,63.7733215,12.902,1818.06
12,control,16.2,13.7,63.7733215,12.902,1818.06
12,control,4.73,10.4,63.7733215,12.902,1818.06
12,control,5.99,14.9,63.7733215,12.902,1818.06
1,mutant_arm,-15.4,7.09,30.48339475,6.498,1673.7613
1,mutant_arm,-22.5,1.59,30.48339475,6.498,1673.7613
1,mutant_arm,-20.3,-3.82,30.48339475,6.498,1673.7613
1,mutant_arm,-20.9,-9.26,30.48339475,6.498,1673.7613
1,mutant_arm,-14.8,-14,30.48339475,6.498,1673.7613
1,mutant_arm,-9.86,-5.52,30.48339475,6.498,1673.7613
1,mutant_arm,-13.8,-1.79,30.48339475,6.498,1673.7613
1,mutant_arm,-7.16,-0.218,30.48339475,6.498,1673.7613
1,mutant_arm,-7.27,3.7,30.48339475,6.498,1673.7613
1,mutant_arm,-4.68,-9.85,30.48339475,6.498,1673.7613
1,mutant_arm,-6.13,-16.2,30.48339475,6.498,1673.7613
1,mutant_arm,3.68,-11.4,30.48339475,6.498,1673.7613
1,mutant_arm,9.53,-15.6,30.48339475,6.498,1673.7613
1,mutant_arm,6.25,-6.11,30.48339475,6.498,1673.7613
1,mutant_arm,5.31,-2.05,30.48339475,6.498,1673.7613
1,mutant_arm,4.19,3.22,30.48339475,6.498,1673.7613
1,mutant_arm,5.42,12.4,30.48339475,6.498,1673.7613
1,mutant_arm,14.3,15.5,30.48339475,6.498,1673.7613
1,mutant_arm,14.7,8.15,30.48339475,6.498,1673.7613
1,mutant_arm,17.6,5.47,30.48339475,6.498,1673.7613
1,mutant_arm,15.8,-2.25,30.48339475,6.498,1673.7613
1,mutant_arm,16.8,-15.5,30.48339475,6.498,1673.7613
1,mutant_arm,21,-10,30.48339475,6.498,1673.7613
1,mutant_arm,23.9,-5.33,30.48339475,6.498,1673.7613
1,mutant_arm,23.1,1.15,30.48339475,6.498,1673.7613
2,mutant_arm,-13.4,13.9,29.21681033,4.891,1542.83115
2,mutant_arm,-6.01,12.6,29.21681033,4.891,1542.83115
2,mutant_arm,-6.22,4.47,29.21681033,4.891,1542.83115
2,mutant_arm,-15.1,2.66,29.21681033,4.891,1542.83115
2,mutant_arm,-19.8,11.3,29.21681033,4.891,1542.83115
2,mutant_arm,-25.1,5.63,29.21681033,4.891,1542.83115
2,mutant_arm,-22.3,-2.36,29.21681033,4.891,1542.83115
2,mutant_arm,-26.8,-5.47,29.21681033,4.891,1542.83115
2,mutant_arm,-19.8,-14.2,29.21681033,4.891,1542.83115
2,mutant_arm,-10.9,-9.4,29.21681033,4.891,1542.83115
2,mutant_arm,-6.66,-13.9,29.21681033,4.891,1542.83115
2,mutant_arm,-2.18,-10.2,29.21681033,4.891,1542.83115
2,mutant_arm,-4.07,-5.35,29.21681033,4.891,1542.83115
2,mutant_arm,-4.21,-0.119,29.21681033,4.891,1542.83115
2,mutant_arm,0.377,6.3,29.21681033,4.891,1542.83115
2,mutant_arm,9.28,12.2,29.21681033,4.891,1542.83115
2,mutant_arm,23.3,3.96,29.21681033,4.891,1542.83115
2,mutant_arm,21.7,-2.87,29.21681033,4.891,1542.83115
2,mutant_arm,11.6,-0.0493,29.21681033,4.891,1542.83115
2,mutant_arm,3.53,-3.47,29.21681033,4.891,1542.83115
2,mutant_arm,3.05,-13.8,29.21681033,4.891,1542.83115
2,mutant_arm,9.91,-12.1,29.21681033,4.891,1542.83115
2,mutant_arm,10.7,-5.6,29.21681033,4.891,1542.83115
2,mutant_arm,17.7,-11.6,29.21681033,4.891,1542.83115
2,mutant_arm,22,-10,29.21681033,4.891,1542.83115
3,mutant_arm,-23.1,15.7,51.031437,5.107,2463.2201
3,mutant_arm,-31.4,15.8,51.031437,5.107,2463.2201
3,mutant_arm,-32.2,10.1,51.031437,5.107,2463.2201
3,mutant_arm,-10.7,4.91,51.031437,5.107,2463.2201
3,mutant_arm,-19,4.13,51.031437,5.107,2463.2201
3,mutant_arm,-18.6,12.9,51.031437,5.107,2463.2201
3,mutant_arm,-10.1,14.4,51.031437,5.107,2463.2201
3,mutant_arm,-35.1,-0.693,51.031437,5.107,2463.2201
3,mutant_arm,-33.1,-8.56,51.031437,5.107,2463.2201
3,mutant_arm,-26.9,-11,51.031437,5.107,2463.2201
3,mutant_arm,-22.5,-4,51.031437,5.107,2463.2201
3,mutant_arm,-14.5,-10.1,51.031437,5.107,2463.2201
3,mutant_arm,-18.4,-13.6,51.031437,5.107,2463.2201
3,mutant_arm,-8.06,-14.8,51.031437,5.107,2463.2201
3,mutant_arm,0.827,-14.4,51.031437,5.107,2463.2201
3,mutant_arm,6.82,-8.99,51.031437,5.107,2463.2201
3,mutant_arm,11.4,-13.5,51.031437,5.107,2463.2201
3,mutant_arm,22.1,-13.7,51.031437,5.107,2463.2201
3,mutant_arm,20,-7.74,51.031437,5.107,2463.2201
3,mutant_arm,30.4,-7.76,51.031437,5.107,2463.2201
3,mutant_arm,13.8,-2.65,51.031437,5.107,2463.2201
3,mutant_arm,-6.82,-3.37,51.031437,5.107,2463.2201
3,mutant_arm,28.1,0.112,51.031437,5.107,2463.2201
3,mutant_arm,5.37,8.02,51.031437,5.107,2463.2201
3,mutant_arm,15.9,7.23,51.031437,5.107,2463.2201
3,mutant_arm,-2.69,14.1,51.031437,5.107,2463.2201
3,mutant_arm,7.44,14.7,51.031437,5.107,2463.2201
3,mutant_arm,15.5,13.9,51.031437,5.107,2463.2201
3,mutant_arm,27.1,13.3,51.031437,5.107,2463.2201
3,mutant_arm,32.2,9.38,51.031437,5.107,2463.2201
4,mutant_arm,-25.1,14.2,57.99442625,4.814,2579.6984
4,mutant_arm,-19.2,6.21,57.99442625,4.814,2579.6984
4,mutant_arm,-32.3,0.466,57.99442625,4.814,2579.6984
4,mutant_arm,-29.4,-10.8,57.99442625,4.814,2579.6984
4,mutant_arm,-20.4,-1.45,57.99442625,4.814,2579.6984
4,mutant_arm,-17.4,-11.3,57.99442625,4.814,2579.6984
4,mutant_arm,-11.1,-16.6,57.99442625,4.814,2579.6984
4,mutant_arm,-7.38,-1.83,57.99442625,4.814,2579.6984
4,mutant_arm,-8.94,6.01,57.99442625,4.814,2579.6984
4,mutant_arm,-11.3,17.1,57.99442625,4.814,2579.6984
4,mutant_arm,-2.72,19.5,57.99442625,4.814,2579.6984
4,mutant_arm,-1.08,13.9,57.99442625,4.814,2579.6984
4,mutant_arm,9.3,19.3,57.99442625,4.814,2579.6984
4,mutant_arm,6.95,9.77,57.99442625,4.814,2579.6984
4,mutant_arm,17.4,17.6,57.99442625,4.814,2579.6984
4,mutant_arm,23.5,15.2,57.99442625,4.814,2579.6984
4,mutant_arm,30.2,9.35,57.99442625,4.814,2579.6984
4,mutant_arm,16.7,5.84,57.99442625,4.814,2579.6984
4,mutant_arm,34.3,-1.23,57.99442625,4.814,2579.6984
4,mutant_arm,25.5,-6.49,57.99442625,4.814,2579.6984
4,mutant_arm,19.3,-13.8,57.99442625,4.814,2579.6984
4,mutant_arm,11,-9.45,57.99442625,4.814,2579.6984
4,mutant_arm,6.21,-15.3,57.99442625,4.814,2579.6984
4,mutant_arm,0.648,-5.99,57.99442625,4.814,2579.6984
4,mutant_arm,-2.19,-12.5,57.99442625,4.814,2579.6984
5,mutant_arm,-9.16,14.1,46.31807458,11.552,1857.3885
5,mutant_arm,-9.18,6.16,46.31807458,11.552,1857.3885
5,mutant_arm,-15.5,13.2,46.31807458,11.552,1857.3885
5,mutant_arm,-17.3,7.9,46.31807458,11.552,1857.3885
5,mutant_arm,-25.5,11.1,46.31807458,11.552,1857.3885
5,mutant_arm,-32.3,8.2,46.31807458,11.552,1857.3885
5,mutant_arm,-32.5,3.52,46.31807458,11.552,1857.3885
5,mutant_arm,-21.4,1.18,46.31807458,11.552,1857.3885
5,mutant_arm,-33.9,-4.22,46.31807458,11.552,1857.3885
5,mutant_arm,-26.2,-6.68,46.31807458,11.552,1857.3885
5,mutant_arm,-22.1,-10.7,46.31807458,11.552,1857.3885
5,mutant_arm,-16.8,-13.1,46.31807458,11.552,1857.3885
5,mutant_arm,-6.56,-13.6,46.31807458,11.552,1857.3885
5,mutant_arm,-5.39,-5.92,46.31807458,11.552,1857.3885
5,mutant_arm,-11.6,-2.5,46.31807458,11.552,1857.3885
5,mutant_arm,-0.934,2.83,46.31807458,11.552,1857.3885
5,mutant_arm,0.93,9.57,46.31807458,11.552,1857.3885
5,mutant_arm,1.46,15.7,46.31807458,11.552,1857.3885
5,mutant_arm,10.8,13.2,46.31807458,11.552,1857.3885
5,mutant_arm,11.3,5.15,46.31807458,11.552,1857.3885
5,mutant_arm,22.1,11.4,46.31807458,11.552,1857.3885
5,mutant_arm,6.81,-3.74,46.31807458,11.552,1857.3885
5,mutant_arm,4.51,-11.3,46.31807458,11.552,1857.3885
5,mutant_arm,12.4,-8.03,46.31807458,11.552,1857.3885
5,mutant_arm,19.2,0.329,46.31807458,11.552,1857.3885
5,mutant_arm,20.8,4.76,46.31807458,11.552,1857.3885
5,mutant_arm,31,6.45,46.31807458,11.552,1857.3885
5,mutant_arm,30.2,0.375,46.31807458,11.552,1857.3885
5,mutant_arm,31.1,-7.64,46.31807458,11.552,1857.3885
5,mutant_arm,22.8,-8.85,46.31807458,11.552,1857.3885
5,mutant_arm,-5.94,7.86,46.31807458,11.552,1857.3885
6,mutant_arm,-28.1,16.7,46.399623,7.809,2702.1584
6,mutant_arm,-27.3,6.18,46.399623,7.809,2702.1584
6,mutant_arm,-16.9,8.2,46.399623,7.809,2702.1584
6,mutant_arm,-21.6,16.5,46.399623,7.809,2702.1584
6,mutant_arm,-18,17.3,46.399623,7.809,2702.1584
6,mutant_arm,-10.4,18.9,46.399623,7.809,2702.1584
6,mutant_arm,-12.5,11.5,46.399623,7.809,2702.1584
6,mutant_arm,-5.93,14.7,46.399623,7.809,2702.1584
6,mutant_arm,-6.36,9.08,46.399623,7.809,2702.1584
6,mutant_arm,-1.44,21.5,46.399623,7.809,2702.1584
6,mutant_arm,2.91,9.06,46.399623,7.809,2702.1584
6,mutant_arm,2.4,19.2,46.399623,7.809,2702.1584
6,mutant_arm,11.3,15.1,46.399623,7.809,2702.1584
6,mutant_arm,12,20.2,46.399623,7.809,2702.1584
6,mutant_arm,18.8,21.6,46.399623,7.809,2702.1584
6,mutant_arm,26.4,16.7,46.399623,7.809,2702.1584
6,mutant_arm,22.3,10.4,46.399623,7.809,2702.1584
6,mutant_arm,31,11.6,46.399623,7.809,2702.1584
6,mutant_arm,17.1,6.2,46.399623,7.809,2702.1584
6,mutant_arm,13.3,3.66,46.399623,7.809,2702.1584
6,mutant_arm,23.2,-1.36,46.399623,7.809,2702.1584
6,mutant_arm,30.6,-2.25,46.399623,7.809,2702.1584
6,mutant_arm,18.6,-11.4,46.399623,7.809,2702.1584
6,mutant_arm,7.89,-1.38,46.399623,7.809,2702.1584
6,mutant_arm,9.42,-15.2,46.399623,7.809,2702.1584
6,mutant_arm,3.16,-18.2,46.399623,7.809,2702.1584
6,mutant_arm,-0.415,-1.61,46.399623,7.809,2702.1584
6,mutant_arm,-2.84,-9.67,46.399623,7.809,2702.1584
6,mutant_arm,-6.04,-18.9,46.399623,7.809,2702.1584
6,mutant_arm,-9.62,-5.45,46.399623,7.809,2702.1584
6,mutant_arm,-12.9,-15.3,46.399623,7.809,2702.1584
6,mutant_arm,-21.6,-16,46.399623,7.809,2702.1584
6,mutant_arm,-20.3,-6.82,46.399623,7.809,2702.1584
6,mutant_arm,-21.9,-0.625,46.399623,7.809,2702.1584
6,mutant_arm,-28.3,-8.18,46.399623,7.809,2702.1584
7,mutant_arm,-33.3,3.46,42.22367158,3.619,2003.2572
7,mutant_arm,-34.9,-4.26,42.22367158,3.619,2003.2572
7,mutant_arm,-28,-3.67,42.22367158,3.619,2003.2572
7,mutant_arm,-20.7,2.01,42.22367158,3.619,2003.2572
7,mutant_arm,-26,7.5,42.22367158,3.619,2003.2572
7,mutant_arm,-19.6,10.8,42.22367158,3.619,2003.2572
7,mutant_arm,-10.5,14.3,42.22367158,3.619,2003.2572
7,mutant_arm,-10.9,9.23,42.22367158,3.619,2003.2572
7,mutant_arm,-7.46,1.4,42.22367158,3.619,2003.2572
7,mutant_arm,-2.57,4.46,42.22367158,3.619,2003.2572
7,mutant_arm,-0.322,13.6,42.22367158,3.619,2003.2572
7,mutant_arm,9.16,14,42.22367158,3.619,2003.2572
7,mutant_arm,5.92,6.87,42.22367158,3.619,2003.2572
7,mutant_arm,18.6,13.7,42.22367158,3.619,2003.2572
7,mutant_arm,30.3,14.2,42.22367158,3.619,2003.2572
7,mutant_arm,24.1,7.39,42.22367158,3.619,2003.2572
7,mutant_arm,18.5,3.5,42.22367158,3.619,2003.2572
7,mutant_arm,30.9,7.29,42.22367158,3.619,2003.2572
7,mutant_arm,32,-0.971,42.22367158,3.619,2003.2572
7,mutant_arm,24,-1.7,42.22367158,3.619,2003.2572
7,mutant_arm,32.8,-5.51,42.22367158,3.619,2003.2572
7,mutant_arm,30.2,-9.8,42.22367158,3.619,2003.2572
7,mutant_arm,22.4,-13.4,42.22367158,3.619,2003.2572
7,mutant_arm,17.4,-9.45,42.22367158,3.619,2003.2572
7,mutant_arm,16.4,-4.91,42.22367158,3.619,2003.2572
7,mutant_arm,5.01,-6.77,42.22367158,3.619,2003.2572
7,mutant_arm,7.81,-11.7,42.22367158,3.619,2003.2572
7,mutant_arm,13.5,-14.6,42.22367158,3.619,2003.2572
7,mutant_arm,4.23,-14.8,42.22367158,3.619,2003.2572
7,mutant_arm,-4.93,-14.2,42.22367158,3.619,2003.2572
7,mutant_arm,-12.5,-11.4,42.22367158,3.619,2003.2572
7,mutant_arm,-15.6,-14.8,42.22367158,3.619,2003.2572
7,mutant_arm,-24.7,-10.5,42.22367158,3.619,2003.2572
8,mutant_arm,-8.84,24.6,54.25399283,12.05,3723.4905
8,mutant_arm,-8.54,11.3,54.25399283,12.05,3723.4905
8,mutant_arm,-23.6,17.7,54.25399283,12.05,3723.4905
8,mutant_arm,-28.6,7.43,54.25399283,12.05,3723.4905
8,mutant_arm,-37.3,0.0677,54.25399283,12.05,3723.4905
8,mutant_arm,-38.2,-7.78,54.25399283,12.05,3723.4905
8,mutant_arm,-22.4,-4.91,54.25399283,12.05,3723.4905
8,mutant_arm,-24.9,-10.5,54.25399283,12.05,3723.4905
8,mutant_arm,-33.7,-15.5,54.25399283,12.05,3723.4905
8,mutant_arm,-28.4,-20.4,54.25399283,12.05,3723.4905
8,mutant_arm,-21.2,-21.4,54.25399283,12.05,3723.4905
8,mutant_arm,-13.1,-23.5,54.25399283,12.05,3723.4905
8,mutant_arm,-15,-15.7,54.25399283,12.05,3723.4905
8,mutant_arm,-3.02,-19.6,54.25399283,12.05,3723.4905
8,mutant_arm,-2.5,-11.8,54.25399283,12.05,3723.4905
8,mutant_arm,-11.1,-5.43,54.25399283,12.05,3723.4905
8,mutant_arm,0.927,-26.5,54.25399283,12.05,3723.4905
8,mutant_arm,8.14,-17.3,54.25399283,12.05,3723.4905
8,mutant_arm,12.1,-23.6,54.25399283,12.05,3723.4905
8,mutant_arm,18.9,-16.8,54.25399283,12.05,3723.4905
8,mutant_arm,34.9,-13.3,54.25399283,12.05,3723.4905
8,mutant_arm,19.4,-7.54,54.25399283,12.05,3723.4905
8,mutant_arm,27.8,-4.6,54.25399283,12.05,3723.4905
8,mutant_arm,36.6,-1.47,54.25399283,12.05,3723.4905
8,mutant_arm,32.6,2.4,54.25399283,12.05,3723.4905
8,mutant_arm,23.7,3.29,54.25399283,12.05,3723.4905
8,mutant_arm,11.5,1.4,54.25399283,12.05,3723.4905
8,mutant_arm,2.18,9.95,54.25399283,12.05,3723.4905
8,mutant_arm,17.4,10.2,54.25399283,12.05,3723.4905
8,mutant_arm,34.2,9.83,54.25399283,12.05,3723.4905
8,mutant_arm,27.5,15.9,54.25399283,12.05,3723.4905
8,mutant_arm,14.8,21.9,54.25399283,12.05,3723.4905
8,mutant_arm,2.86,26.1,54.25399283,12.05,3723.4905
9,mutant_arm,-5.79,20.2,40.80181417,4.051,2193.761
9,mutant_arm,-11.7,13.6,40.80181417,4.051,2193.761
9,mutant_arm,-16.8,19.6,40.80181417,4.051,2193.761
9,mutant_arm,-23.2,8.44,40.80181417,4.051,2193.761
9,mutant_arm,-16.3,4.14,40.80181417,4.051,2193.761
9,mutant_arm,-6.77,4.38,40.80181417,4.051,2193.761
9,mutant_arm,-7.19,-3.88,40.80181417,4.051,2193.761
9,mutant_arm,-17.5,-5,40.80181417,4.051,2193.761
9,mutant_arm,-27,-2.95,40.80181417,4.051,2193.761
9,mutant_arm,-20.4,-12.4,40.80181417,4.051,2193.761
9,mutant_arm,-14.1,-16.5,40.80181417,4.051,2193.761
9,mutant_arm,-11,-10.7,40.80181417,4.051,2193.761
9,mutant_arm,-5.72,-17.8,40.80181417,4.051,2193.761
9,mutant_arm,-2.57,-9.91,40.80181417,4.051,2193.761
9,mutant_arm,1.07,-16.5,40.80181417,4.051,2193.761
9,mutant_arm,9.12,-18.5,40.80181417,4.051,2193.761
9,mutant_arm,13,-15.4,40.80181417,4.051,2193.761
9,mutant_arm,20.9,-17,40.80181417,4.051,2193.761
9,mutant_arm,25.5,-13.7,40.80181417,4.051,2193.761
9,mutant_arm,25,-8.81,40.80181417,4.051,2193.761
9,mutant_arm,15,-10.1,40.80181417,4.051,2193.761
9,mutant_arm,5.98,-10.2,40.80181417,4.051,2193.761
9,mutant_arm,7.18,-3.87,40.80181417,4.051,2193.761
9,mutant_arm,16.1,-4.32,40.80181417,4.051,2193.761
9,mutant_arm,27.2,-1.8,40.80181417,4.051,2193.761
9,mutant_arm,29.7,5.91,40.80181417,4.051,2193.761
9,mutant_arm,23.1,6.33,40.80181417,4.051,2193.761
9,mutant_arm,22.4,15,40.80181417,4.051,2193.761
9,mutant_arm,13.7,12.6,40.80181417,4.051,2193.761
9,mutant_arm,6.96,19.9,40.80181417,4.051,2193.761
9,mutant_arm,0.103,13.3,40.80181417,4.051,2193.761
9,mutant_arm,2.75,4.63,40.80181417,4.051,2193.761
10,mutant_arm,-6.97,23.1,51.22513575,3.381,3385.3125
10,mutant_arm,-7.15,8.09,51.22513575,3.381,3385.3125
10,mutant_arm,-18.2,12.6,51.22513575,3.381,3385.3125
10,mutant_arm,-13.7,22,51.22513575,3.381,3385.3125
10,mutant_arm,-23.2,19.8,51.22513575,3.381,3385.3125
10,mutant_arm,-29.4,15.8,51.22513575,3.381,3385.3125
10,mutant_arm,-22.9,9.58,51.22513575,3.381,3385.3125
10,mutant_arm,-29.3,2.35,51.22513575,3.381,3385.3125
10,mutant_arm,-17.3,0.592,51.22513575,3.381,3385.3125
10,mutant_arm,-34.9,-4.08,51.22513575,3.381,3385.3125
10,mutant_arm,-30.4,-13.1,51.22513575,3.381,3385.3125
10,mutant_arm,-12.5,-6.83,51.22513575,3.381,3385.3125
10,mutant_arm,-9.53,-13.5,51.22513575,3.381,3385.3125
10,mutant_arm,-9.88,-22.4,51.22513575,3.381,3385.3125
10,mutant_arm,-20.7,-18.4,51.22513575,3.381,3385.3125
10,mutant_arm,-1.67,-24.4,51.22513575,3.381,3385.3125
10,mutant_arm,7.52,-25.8,51.22513575,3.381,3385.3125
10,mutant_arm,17.3,-18.1,51.22513575,3.381,3385.3125
10,mutant_arm,4.39,-13.2,51.22513575,3.381,3385.3125
10,mutant_arm,29,-11.8,51.22513575,3.381,3385.3125
10,mutant_arm,10.6,-7,51.22513575,3.381,3385.3125
10,mutant_arm,21,-1.27,51.22513575,3.381,3385.3125
10,mutant_arm,34.1,5.29,51.22513575,3.381,3385.3125
10,mutant_arm,28.9,8.36,51.22513575,3.381,3385.3125
10,mutant_arm,7.78,7.77,51.22513575,3.381,3385.3125
10,mutant_arm,3.21,15,51.22513575,3.381,3385.3125
10,mutant_arm,9.86,18.9,51.22513575,3.381,3385.3125
10,mutant_arm,11.3,24.6,51.22513575,3.381,3385.3125
10,mutant_arm,22.5,23.9,51.22513575,3.381,3385.3125
10,mutant_arm,18.6,12.1,51.22513575,3.381,3385.3125
10,mutant_arm,30.7,19.9,51.22513575,3.381,3385.3125
11,mutant_arm,-6.36,11.7,46.61959308,4.45,1969.5493
11,mutant_arm,-11.3,15.8,46.61959308,4.45,1969.5493
11,mutant_arm,-3.83,3.95,46.61959308,4.45,1969.5493
11,mutant_arm,-14.6,3.71,46.61959308,4.45,1969.5493
11,mutant_arm,-18.2,11.8,46.61959308,4.45,1969.5493
11,mutant_arm,-28.3,9.93,46.61959308,4.45,1969.5493
11,mutant_arm,-28.8,2.72,46.61959308,4.45,1969.5493
11,mutant_arm,-28.7,-3.54,46.61959308,4.45,1969.5493
11,mutant_arm,-20.5,-2.16,46.61959308,4.45,1969.5493
11,mutant_arm,-18.6,-7.6,46.61959308,4.45,1969.5493
11,mutant_arm,-19.8,-12.5,46.61959308,4.45,1969.5493
11,mutant_arm,-8.87,-14.4,46.61959308,4.45,1969.5493
11,mutant_arm,-11,-2.27,46.61959308,4.45,1969.5493
11,mutant_arm,0.202,-12.2,46.61959308,4.45,1969.5493
11,mutant_arm,1.42,-7.93,46.61959308,4.45,1969.5493
11,mutant_arm,9.09,-14.5,46.61959308,4.45,1969.5493
11,mutant_arm,13.4,-6.87,46.61959308,4.45,1969.5493
11,mutant_arm,18.5,-12.6,46.61959308,4.45,1969.5493
11,mutant_arm,25,-9.96,46.61959308,4.45,1969.5493
11,mutant_arm,29.7,-3.21,46.61959308,4.45,1969.5493
11,mutant_arm,22,-1.51,46.61959308,4.45,1969.5493
11,mutant_arm,8.64,0.288,46.61959308,4.45,1969.5493
11,mutant_arm,25.6,4.43,46.61959308,4.45,1969.5493
11,mutant_arm,15.9,6.51,46.61959308,4.45,1969.5493
11,mutant_arm,26.6,10.9,46.61959308,4.45,1969.5493
11,mutant_arm,23.6,17.8,46.61959308,4.45,1969.5493
11,mutant_arm,17.4,13.1,46.61959308,4.45,1969.5493
11,mutant_arm,13.3,16.2,46.61959308,4.45,1969.5493
11,mutant_arm,2.19,11.7,46.61959308,4.45,1969.5493
11,mutant_arm,2.73,17.5,46.61959308,4.45,1969.5493
12,mutant_arm,-14.6,21.5,48.63204525,7.405,2449.78875
12,mutant_arm,-12.1,17.2,48.63204525,7.405,2449.78875
12,mutant_arm,-7.1,10.9,48.63204525,7.405,2449.78875
12,mutant_arm,-11.6,6.74,48.63204525,7.405,2449.78875
12,mutant_arm,-12.1,2.95,48.63204525,7.405,2449.78875
12,mutant_arm,-22.9,19.7,48.63204525,7.405,2449.78875
12,mutant_arm,-29.9,15.2,48.63204525,7.405,2449.78875
12,mutant_arm,-30.4,5.42,48.63204525,7.405,2449.78875
12,mutant_arm,-24.6,0.383,48.63204525,7.405,2449.78875
12,mutant_arm,-23.8,-7.38,48.63204525,7.405,2449.78875
12,mutant_arm,-14.6,-9.7,48.63204525,7.405,2449.78875
12,mutant_arm,-14.9,-1.22,48.63204525,7.405,2449.78875
12,mutant_arm,-12.7,-16.6,48.63204525,7.405,2449.78875
12,mutant_arm,-3.67,-19.4,48.63204525,7.405,2449.78875
12,mutant_arm,4.76,-19.6,48.63204525,7.405,2449.78875
12,mutant_arm,-0.702,-4.25,48.63204525,7.405,2449.78875
12,mutant_arm,8.97,-10.9,48.63204525,7.405,2449.78875
12,mutant_arm,16.6,-14.1,48.63204525,7.405,2449.78875
12,mutant_arm,27.1,-10.7,48.63204525,7.405,2449.78875
12,mutant_arm,14.7,-3.48,48.63204525,7.405,2449.78875
12,mutant_arm,5.7,1.55,48.63204525,7.405,2449.78875
12,mutant_arm,8.97,8.78,48.63204525,7.405,2449.78875
12,mutant_arm,-0.39,13.9,48.63204525,7.405,2449.78875
12,mutant_arm,-0.702,20.2,48.63204525,7.405,2449.78875
12,mutant_arm,10.1,17.7,48.63204525,7.405,2449.78875
12,mutant_arm,18,19.7,48.63204525,7.405,2449.78875
12,mutant_arm,18.3,11.2,48.63204525,7.405,2449.78875
12,mutant_arm,26.6,17,48.63204525,7.405,2449.78875
12,mutant_arm,30.2,8.84,48.63204525,7.405,2449.78875
12,mutant_arm,29.6,-1.09,48.63204525,7.405,2449.78875
13,mutant_arm,-7.12,18,50.84645175,4.893,2058.9608
13,mutant_arm,-12.3,18.1,50.84645175,4.893,2058.9608
13,mutant_arm,-4.61,10.8,50.84645175,4.893,2058.9608
13,mutant_arm,-21.4,15.5,50.84645175,4.893,2058.9608
13,mutant_arm,-15.8,4.73,50.84645175,4.893,2058.9608
13,mutant_arm,-25.3,3.44,50.84645175,4.893,2058.9608
13,mutant_arm,-28.1,-4.98,50.84645175,4.893,2058.9608
13,mutant_arm,-24.1,-12.4,50.84645175,4.893,2058.9608
13,mutant_arm,-17.3,-15.1,50.84645175,4.893,2058.9608
13,mutant_arm,-17.6,-6.23,50.84645175,4.893,2058.9608
13,mutant_arm,-7.31,-2.24,50.84645175,4.893,2058.9608
13,mutant_arm,-6.85,-10.2,50.84645175,4.893,2058.9608
13,mutant_arm,-4.97,-17.5,50.84645175,4.893,2058.9608
13,mutant_arm,3.23,-15.2,50.84645175,4.893,2058.9608
13,mutant_arm,4.35,-6.62,50.84645175,4.893,2058.9608
13,mutant_arm,11.8,-10.7,50.84645175,4.893,2058.9608
13,mutant_arm,16.5,-13.6,50.84645175,4.893,2058.9608
13,mutant_arm,22.4,-12.1,50.84645175,4.893,2058.9608
13,mutant_arm,29.5,-8.94,50.84645175,4.893,2058.9608
13,mutant_arm,20.1,-1.53,50.84645175,4.893,2058.9608
13,mutant_arm,3.82,7.45,50.84645175,4.893,2058.9608
13,mutant_arm,-1.07,17.4,50.84645175,4.893,2058.9608
13,mutant_arm,4.59,15,50.84645175,4.893,2058.9608
13,mutant_arm,15.5,6.51,50.84645175,4.893,2058.9608
13,mutant_arm,10.3,18.2,50.84645175,4.893,2058.9608
13,mutant_arm,14.6,16.1,50.84645175,4.893,2058.9608
13,mutant_arm,22.1,16.6,50.84645175,4.893,2058.9608
13,mutant_arm,29.5,11.3,50.84645175,4.893,2058.9608
13,mutant_arm,30.8,3.81,50.84645175,4.893,2058.9608
14,mutant_arm,-4.89,24.9,61.65808667,10.417,4765.02065
14,mutant_arm,-3.82,13.1,61.65808667,10.417,4765.02065
14,mutant_arm,-16,11.3,61.65808667,10.417,4765.02065
14,mutant_arm,-14.7,24,61.65808667,10.417,4765.02065
14,mutant_arm,-24.8,19.4,61.65808667,10.417,4765.02065
14,mutant_arm,-38,14.1,61.65808667,10.417,4765.02065
14,mutant_arm,-30.4,4.17,61.65808667,10.417,4765.02065
14,mutant_arm,-41.2,4.93,61.65808667,10.417,4765.02065
14,mutant_arm,-38.4,-4.59,61.65808667,10.417,4765.02065
14,mutant_arm,-35.6,-14.9,61.65808667,10.417,4765.02065
14,mutant_arm,-22.4,-9.78,61.65808667,10.417,4765.02065
14,mutant_arm,-29.3,-23.1,61.65808667,10.417,4765.02065
14,mutant_arm,-16.8,-21.8,61.65808667,10.417,4765.02065
14,mutant_arm,-11.9,-30.5,61.65808667,10.417,4765.02065
14,mutant_arm,-19.2,1.15,61.65808667,10.417,4765.02065
14,mutant_arm,-9.44,1.12,61.65808667,10.417,4765.02065
14,mutant_arm,-11.5,-11.5,61.65808667,10.417,4765.02065
14,mutant_arm,0.133,-19.9,61.65808667,10.417,4765.02065
14,mutant_arm,3.12,-31.4,61.65808667,10.417,4765.02065
14,mutant_arm,14.6,-30.9,61.65808667,10.417,4765.02065
14,mutant_arm,20.6,-21.9,61.65808667,10.417,4765.02065
14,mutant_arm,7.61,-12.6,61.65808667,10.417,4765.02065
14,mutant_arm,3.84,-7.41,61.65808667,10.417,4765.02065
14,mutant_arm,19.1,-6.3,61.65808667,10.417,4765.02065
14,mutant_arm,36.2,-20,61.65808667,10.417,4765.02065
14,mutant_arm,32.7,-12.3,61.65808667,10.417,4765.02065
14,mutant_arm,42.8,-6.27,61.65808667,10.417,4765.02065
14,mutant_arm,15,4.96,61.65808667,10.417,4765.02065
14,mutant_arm,23.6,12.2,61.65808667,10.417,4765.02065
14,mutant_arm,10.5,16.2,61.65808667,10.417,4765.02065
14,mutant_arm,9.93,26.8,61.65808667,10.417,4765.02065
15,mutant_arm,-1.95,16.4,59.72612317,15.148,2653.3314
15,mutant_arm,-7.01,8.44,59.72612317,15.148,2653.3314
15,mutant_arm,-17.9,13.9,59.72612317,15.148,2653.3314
15,mutant_arm,-16.3,8.65,59.72612317,15.148,2653.3314
15,mutant_arm,-22.8,4.41,59.72612317,15.148,2653.3314
15,mutant_arm,-29.4,13.3,59.72612317,15.148,2653.3314
15,mutant_arm,-35,8.12,59.72612317,15.148,2653.3314
15,mutant_arm,-38.4,0.937,59.72612317,15.148,2653.3314
15,mutant_arm,-15.2,0.8,59.72612317,15.148,2653.3314
15,mutant_arm,-29.6,-3.58,59.72612317,15.148,2653.3314
15,mutant_arm,-20.5,-7.16,59.72612317,15.148,2653.3314
15,mutant_arm,-19.6,-13.5,59.72612317,15.148,2653.3314
15,mutant_arm,-9.87,-14.3,59.72612317,15.148,2653.3314
15,mutant_arm,-3.96,-6.48,59.72612317,15.148,2653.3314
15,mutant_arm,-0.0441,-11.3,59.72612317,15.148,2653.3314
15,mutant_arm,6.44,-15.3,59.72612317,15.148,2653.3314
15,mutant_arm,16.1,-12.1,59.72612317,15.148,2653.3314
15,mutant_arm,26.8,-13.6,59.72612317,15.148,2653.3314
15,mutant_arm,12.8,-3.93,59.72612317,15.148,2653.3314
15,mutant_arm,23.8,-6.16,59.72612317,15.148,2653.3314
15,mutant_arm,34.7,-12,59.72612317,15.148,2653.3314
15,mutant_arm,40,-4.18,59.72612317,15.148,2653.3314
15,mutant_arm,44.4,2.65,59.72612317,15.148,2653.3314
15,mutant_arm,43.2,8.81,59.72612317,15.148,2653.3314
15,mutant_arm,35.2,11.1,59.72612317,15.148,2653.3314
15,mutant_arm,30.2,13.6,59.72612317,15.148,2653.3314
15,mutant_arm,19.9,15.1,59.72612317,15.148,2653.3314
15,mutant_arm,24.9,2.66,59.72612317,15.148,2653.3314
15,mutant_arm,13.1,6.19,59.72612317,15.148,2653.3314
15,mutant_arm,4.97,3.98,59.72612317,15.148,2653.3314
15,mutant_arm,4.5,11.3,59.72612317,15.148,2653.3314
15,mutant_arm,6.97,17.3,59.72612317,15.148,2653.3314
16,mutant_arm,-2.24,16.5,48.97124375,7.512,2116.41495
16,mutant_arm,-1.09,8.9,48.97124375,7.512,2116.41495
16,mutant_arm,-12.8,8.26,48.97124375,7.512,2116.41495
16,mutant_arm,-12.1,15.6,48.97124375,7.512,2116.41495
16,mutant_arm,-22.1,14.6,48.97124375,7.512,2116.41495
16,mutant_arm,-27.3,11.3,48.97124375,7.512,2116.41495
16,mutant_arm,-21.8,5.35,48.97124375,7.512,2116.41495
16,mutant_arm,-30.6,0.415,48.97124375,7.512,2116.41495
16,mutant_arm,-18.6,-2.53,48.97124375,7.512,2116.41495
16,mutant_arm,-24.4,-9.56,48.97124375,7.512,2116.41495
16,mutant_arm,-19.2,-15.8,48.97124375,7.512,2116.41495
16,mutant_arm,-11.7,-5.77,48.97124375,7.512,2116.41495
16,mutant_arm,-10,-15.4,48.97124375,7.512,2116.41495
16,mutant_arm,-1.32,-15.6,48.97124375,7.512,2116.41495
16,mutant_arm,0.613,-5.58,48.97124375,7.512,2116.41495
16,mutant_arm,6.28,-15.4,48.97124375,7.512,2116.41495
16,mutant_arm,11.9,-11.7,48.97124375,7.512,2116.41495
16,mutant_arm,18.7,-16.8,48.97124375,7.512,2116.41495
16,mutant_arm,22.9,-11.4,48.97124375,7.512,2116.41495
16,mutant_arm,21.7,-4.52,48.97124375,7.512,2116.41495
16,mutant_arm,15,-2.37,48.97124375,7.512,2116.41495
16,mutant_arm,29.1,-1.97,48.97124375,7.512,2116.41495
16,mutant_arm,27.4,5.95,48.97124375,7.512,2116.41495
16,mutant_arm,17.2,8.47,48.97124375,7.512,2116.41495
16,mutant_arm,21.9,14.2,48.97124375,7.512,2116.41495
16,mutant_arm,14.5,16.4,48.97124375,7.512,2116.41495
16,mutant_arm,6.48,12.9,48.97124375,7.512,2116.41495
16,mutant_arm,6.34,17.7,48.97124375,7.512,2116.41495
17,mutant_arm,-1.66,20.7,47.60936033,5.51,2675.8295
17,mutant_arm,-8.36,20.1,47.60936033,5.51,2675.8295
17,mutant_arm,-8.12,8.26,47.60936033,5.51,2675.8295
17,mutant_arm,-10.7,14,47.60936033,5.51,2675.8295
17,mutant_arm,-18.6,21.4,47.60936033,5.51,2675.8295
17,mutant_arm,-21.4,14,47.60936033,5.51,2675.8295
17,mutant_arm,-26.9,19.9,47.60936033,5.51,2675.8295
17,mutant_arm,-29.6,14.3,47.60936033,5.51,2675.8295
17,mutant_arm,-34.7,5.73,47.60936033,5.51,2675.8295
17,mutant_arm,-34,-0.674,47.60936033,5.51,2675.8295
17,mutant_arm,-22.4,-0.169,47.60936033,5.51,2675.8295
17,mutant_arm,-19.9,-5.73,47.60936033,5.51,2675.8295
17,mutant_arm,-30.1,-9.95,47.60936033,5.51,2675.8295
17,mutant_arm,-23.5,-14.3,47.60936033,5.51,2675.8295
17,mutant_arm,-14.7,-16.4,47.60936033,5.51,2675.8295
17,mutant_arm,-7.21,-19,47.60936033,5.51,2675.8295
17,mutant_arm,-8.54,-10.3,47.60936033,5.51,2675.8295
17,mutant_arm,-0.623,-16,47.60936033,5.51,2675.8295
17,mutant_arm,8.39,-18.9,47.60936033,5.51,2675.8295
17,mutant_arm,7.04,-10.6,47.60936033,5.51,2675.8295
17,mutant_arm,1.57,-2.87,47.60936033,5.51,2675.8295
17,mutant_arm,16.5,-15.8,47.60936033,5.51,2675.8295
17,mutant_arm,22.7,-16.9,47.60936033,5.51,2675.8295
17,mutant_arm,21.3,-8.26,47.60936033,5.51,2675.8295
17,mutant_arm,32.4,-10.3,47.60936033,5.51,2675.8295
17,mutant_arm,34.2,-0.506,47.60936033,5.51,2675.8295
17,mutant_arm,24.1,1.69,47.60936033,5.51,2675.8295
17,mutant_arm,33,7.08,47.60936033,5.51,2675.8295
17,mutant_arm,29,14,47.60936033,5.51,2675.8295
17,mutant_arm,23.6,16.5,47.60936033,5.51,2675.8295
17,mutant_arm,14.7,9.78,47.60936033,5.51,2675.8295
17,mutant_arm,7.46,7.42,47.60936033,5.51,2675.8295
17,mutant_arm,15.2,17.9,47.60936033,5.51,2675.8295
17,mutant_arm,8.6,19.9,47.60936033,5.51,2675.8295
17,mutant_arm,1.98,15.2,47.60936033,5.51,2675.8295
17,mutant_arm,23.9,13,47.60936033,5.51,2675.8295
17,mutant_arm,-1.77,-6.41,47.60936033,5.51,2675.8295
18,mutant_arm,-1.04,20,48.041372,4.612,2593.4202
18,mutant_arm,-8.32,17.8,48.041372,4.612,2593.4202
18,mutant_arm,-8.15,6.09,48.041372,4.612,2593.4202
18,mutant_arm,-15.8,14.3,48.041372,4.612,2593.4202
18,mutant_arm,-21.5,14.9,48.041372,4.612,2593.4202
18,mutant_arm,-29.1,14.9,48.041372,4.612,2593.4202
18,mutant_arm,-34.3,8.17,48.041372,4.612,2593.4202
18,mutant_arm,-19.1,4.16,48.041372,4.612,2593.4202
18,mutant_arm,-12.8,-1.52,48.041372,4.612,2593.4202
18,mutant_arm,-32.9,-10.1,48.041372,4.612,2593.4202
18,mutant_arm,-22.9,-9.52,48.041372,4.612,2593.4202
18,mutant_arm,-25.3,-18.3,48.041372,4.612,2593.4202
18,mutant_arm,-15.6,-14.2,48.041372,4.612,2593.4202
18,mutant_arm,-10.6,-18.8,48.041372,4.612,2593.4202
18,mutant_arm,-7.46,-7.52,48.041372,4.612,2593.4202
18,mutant_arm,-2.43,-12.6,48.041372,4.612,2593.4202
18,mutant_arm,1.21,-19.1,48.041372,4.612,2593.4202
18,mutant_arm,14.6,-19.3,48.041372,4.612,2593.4202
18,mutant_arm,2.08,-6.05,48.041372,4.612,2593.4202
18,mutant_arm,11.1,-7.74,48.041372,4.612,2593.4202
18,mutant_arm,18,-11,48.041372,4.612,2593.4202
18,mutant_arm,30,-15.8,48.041372,4.612,2593.4202
18,mutant_arm,36.8,-8.71,48.041372,4.612,2593.4202
18,mutant_arm,36.6,1.38,48.041372,4.612,2593.4202
18,mutant_arm,25.7,-1.64,48.041372,4.612,2593.4202
18,mutant_arm,28.1,9.6,48.041372,4.612,2593.4202
18,mutant_arm,18.7,10.8,48.041372,4.612,2593.4202
18,mutant_arm,19.1,4.75,48.041372,4.612,2593.4202
18,mutant_arm,12,2.32,48.041372,4.612,2593.4202
18,mutant_arm,4.68,2.01,48.041372,4.612,2593.4202
18,mutant_arm,4.16,11.9,48.041372,4.612,2593.4202
18,mutant_arm,9.71,17.1,48.041372,4.612,2593.4202
19,mutant_arm,-9.59,26.2,60.723675,7.822,4943.92215
19,mutant_arm,-13,12.5,60.723675,7.822,4943.92215
19,mutant_arm,-21.1,24.9,60.723675,7.822,4943.92215
19,mutant_arm,-33.3,25,60.723675,7.822,4943.92215
19,mutant_arm,-40.6,14.8,60.723675,7.822,4943.92215
19,mutant_arm,-30.2,11.7,60.723675,7.822,4943.92215
19,mutant_arm,-41.9,4.49,60.723675,7.822,4943.92215
19,mutant_arm,-18.5,4.97,60.723675,7.822,4943.92215
19,mutant_arm,-10.1,2.18,60.723675,7.822,4943.92215
19,mutant_arm,-14.7,-8.31,60.723675,7.822,4943.92215
19,mutant_arm,-26.2,-3.28,60.723675,7.822,4943.92215
19,mutant_arm,-39.5,-6.33,60.723675,7.822,4943.92215
19,mutant_arm,-36.3,-15.7,60.723675,7.822,4943.92215
19,mutant_arm,-24.7,-17.3,60.723675,7.822,4943.92215
19,mutant_arm,-18.3,-27.7,60.723675,7.822,4943.92215
19,mutant_arm,-5.99,-32.4,60.723675,7.822,4943.92215
19,mutant_arm,-3.88,-20.9,60.723675,7.822,4943.92215
19,mutant_arm,16.1,-27.8,60.723675,7.822,4943.92215
19,mutant_arm,7.95,-32.4,60.723675,7.822,4943.92215
19,mutant_arm,9.07,-20.8,60.723675,7.822,4943.92215
19,mutant_arm,6.48,-16.1,60.723675,7.822,4943.92215
19,mutant_arm,18.4,-9.65,60.723675,7.822,4943.92215
19,mutant_arm,30.3,-19.6,60.723675,7.822,4943.92215
19,mutant_arm,28.5,-29.1,60.723675,7.822,4943.92215
19,mutant_arm,38.1,-16.5,60.723675,7.822,4943.92215
19,mutant_arm,41.3,-8.92,60.723675,7.822,4943.92215
19,mutant_arm,42.6,0.383,60.723675,7.822,4943.92215
19,mutant_arm,15.2,0.19,60.723675,7.822,4943.92215
19,mutant_arm,24.9,5.73,60.723675,7.822,4943.92215
19,mutant_arm,36.7,9.03,60.723675,7.822,4943.92215
19,mutant_arm,31.8,11.3,60.723675,7.822,4943.92215
19,mutant_arm,25.8,19.2,60.723675,7.822,4943.92215
19,mutant_arm,15.4,22.8,60.723675,7.822,4943.92215
19,mutant_arm,15.3,12,60.723675,7.822,4943.92215
19,mutant_arm,-1.78,13.6,60.723675,7.822,4943.92215
19,mutant_arm,0.21,21.2,60.723675,7.822,4943.92215
1,mutant_hpo,-5.52,18.7,52.96234075,3.159,1970.20085
1,mutant_hpo,-9.95,15.4,52.96234075,3.159,1970.20085
1,mutant_hpo,-0.259,4.99,52.96234075,3.159,1970.20085
1,mutant_hpo,-9.04,2.33,52.96234075,3.159,1970.20085
1,mutant_hpo,-14.2,11.4,52.96234075,3.159,1970.20085
1,mutant_hpo,-19.5,6.03,52.96234075,3.159,1970.20085
1,mutant_hpo,-22.5,-0.359,52.96234075,3.159,1970.20085
1,mutant_hpo,-23.3,-7.58,52.96234075,3.159,1970.20085
1,mutant_hpo,-20.5,-15.3,52.96234075,3.159,1970.20085
1,mutant_hpo,-10.5,-13.8,52.96234075,3.159,1970.20085
1,mutant_hpo,-10.4,-7.47,52.96234075,3.159,1970.20085
1,mutant_hpo,-3.58,-18.4,52.96234075,3.159,1970.20085
1,mutant_hpo,0.75,-11.7,52.96234075,3.159,1970.20085
1,mutant_hpo,-3.63,-4.32,52.96234075,3.159,1970.20085
1,mutant_hpo,5.2,-7.17,52.96234075,3.159,1970.20085
1,mutant_hpo,9.36,-17.6,52.96234075,3.159,1970.20085
1,mutant_hpo,15.4,-15.2,52.96234075,3.159,1970.20085
1,mutant_hpo,18.9,-9.97,52.96234075,3.159,1970.20085
1,mutant_hpo,24,-7.18,52.96234075,3.159,1970.20085
1,mutant_hpo,18.4,-0.866,52.96234075,3.159,1970.20085
1,mutant_hpo,7.53,-0.101,52.96234075,3.159,1970.20085
1,mutant_hpo,21,3.8,52.96234075,3.159,1970.20085
1,mutant_hpo,25.8,9.85,52.96234075,3.159,1970.20085
1,mutant_hpo,16.6,11,52.96234075,3.159,1970.20085
1,mutant_hpo,19.9,15.8,52.96234075,3.159,1970.20085
1,mutant_hpo,14.4,17.8,52.96234075,3.159,1970.20085
1,mutant_hpo,4.74,20.2,52.96234075,3.159,1970.20085
2,mutant_hpo,-9.75,17.4,55.63315933,6.045,2748.285
2,mutant_hpo,2.82,15.2,55.63315933,6.045,2748.285
2,mutant_hpo,-1.13,5.03,55.63315933,6.045,2748.285
2,mutant_hpo,13.6,14.4,55.63315933,6.045,2748.285
2,mutant_hpo,9.73,8.71,55.63315933,6.045,2748.285
2,mutant_hpo,11.5,1.27,55.63315933,6.045,2748.285
2,mutant_hpo,23.8,4.26,55.63315933,6.045,2748.285
2,mutant_hpo,24.4,11.2,55.63315933,6.045,2748.285
2,mutant_hpo,33.1,6.32,55.63315933,6.045,2748.285
2,mutant_hpo,33.2,-1.49,55.63315933,6.045,2748.285
2,mutant_hpo,41.3,-0.331,55.63315933,6.045,2748.285
2,mutant_hpo,42.5,-6.53,55.63315933,6.045,2748.285
2,mutant_hpo,32.6,-6.65,55.63315933,6.045,2748.285
2,mutant_hpo,39.1,-13.7,55.63315933,6.045,2748.285
2,mutant_hpo,31.8,-16.6,55.63315933,6.045,2748.285
2,mutant_hpo,20,-17.5,55.63315933,6.045,2748.285
2,mutant_hpo,20.2,-7.86,55.63315933,6.045,2748.285
2,mutant_hpo,13.2,-9.37,55.63315933,6.045,2748.285
2,mutant_hpo,5.43,-17.3,55.63315933,6.045,2748.285
2,mutant_hpo,-3.66,-6.55,55.63315933,6.045,2748.285
2,mutant_hpo,-10.2,-16.4,55.63315933,6.045,2748.285
2,mutant_hpo,-15.3,-10.6,55.63315933,6.045,2748.285
2,mutant_hpo,-24.7,-15.3,55.63315933,6.045,2748.285
2,mutant_hpo,-38.1,-10.5,55.63315933,6.045,2748.285
2,mutant_hpo,-24.4,-3.77,55.63315933,6.045,2748.285
2,mutant_hpo,-10.8,-0.948,55.63315933,6.045,2748.285
2,mutant_hpo,-21.7,4.78,55.63315933,6.045,2748.285
2,mutant_hpo,-38.2,0.326,55.63315933,6.045,2748.285
2,mutant_hpo,-31.7,12.1,55.63315933,6.045,2748.285
2,mutant_hpo,-22.2,15.4,55.63315933,6.045,2748.285
3,mutant_hpo,1.68,13,50.99507842,4.286,2241.2535
3,mutant_hpo,4.26,7.55,50.99507842,4.286,2241.2535
3,mutant_hpo,2.29,-0.0745,50.99507842,4.286,2241.2535
3,mutant_hpo,-5.55,5.12,50.99507842,4.286,2241.2535
3,mutant_hpo,-12.7,-0.596,50.99507842,4.286,2241.2535
3,mutant_hpo,-14.6,10,50.99507842,4.286,2241.2535
3,mutant_hpo,-20.4,6.31,50.99507842,4.286,2241.2535
3,mutant_hpo,-31.6,8.72,50.99507842,4.286,2241.2535
3,mutant_hpo,-41.4,3.96,50.99507842,4.286,2241.2535
3,mutant_hpo,-43.8,-0.697,50.99507842,4.286,2241.2535
3,mutant_hpo,-45.3,-7.07,50.99507842,4.286,2241.2535
3,mutant_hpo,-36.6,-10.9,50.99507842,4.286,2241.2535
3,mutant_hpo,-30.2,-12.5,50.99507842,4.286,2241.2535
3,mutant_hpo,-30.5,-5.74,50.99507842,4.286,2241.2535
3,mutant_hpo,-21.5,-3.15,50.99507842,4.286,2241.2535
3,mutant_hpo,-14.7,-8.81,50.99507842,4.286,2241.2535
3,mutant_hpo,-11.1,-13.8,50.99507842,4.286,2241.2535
3,mutant_hpo,-3.47,-11.4,50.99507842,4.286,2241.2535
3,mutant_hpo,1.92,-8.3,50.99507842,4.286,2241.2535
3,mutant_hpo,5.96,-12.7,50.99507842,4.286,2241.2535
3,mutant_hpo,14.5,-7.14,50.99507842,4.286,2241.2535
3,mutant_hpo,17.5,-11.1,50.99507842,4.286,2241.2535
3,mutant_hpo,26.5,-10.6,50.99507842,4.286,2241.2535
3,mutant_hpo,37.6,-9.47,50.99507842,4.286,2241.2535
3,mutant_hpo,42,-6.08,50.99507842,4.286,2241.2535
3,mutant_hpo,31.6,-3.7,50.99507842,4.286,2241.2535
3,mutant_hpo,42.6,-1.9,50.99507842,4.286,2241.2535
3,mutant_hpo,40.4,3.41,50.99507842,4.286,2241.2535
3,mutant_hpo,32.3,1.44,50.99507842,4.286,2241.2535
3,mutant_hpo,33.7,5.94,50.99507842,4.286,2241.2535
3,mutant_hpo,29.8,9.4,50.99507842,4.286,2241.2535
3,mutant_hpo,19.9,13.2,50.99507842,4.286,2241.2535
3,mutant_hpo,11.4,13.9,50.99507842,4.286,2241.2535
3,mutant_hpo,19.1,-2.84,50.99507842,4.286,2241.2535
5,mutant_hpo,-20.9,14.7,63.32203808,4.859,2159.064
5,mutant_hpo,-29,16.1,63.32203808,4.859,2159.064
5,mutant_hpo,-33.4,10.4,63.32203808,4.859,2159.064
5,mutant_hpo,-32.6,3.97,63.32203808,4.859,2159.064
5,mutant_hpo,-17.6,0.724,63.32203808,4.859,2159.064
5,mutant_hpo,-16.8,7.77,63.32203808,4.859,2159.064
5,mutant_hpo,-9.55,4.69,63.32203808,4.859,2159.064
5,mutant_hpo,-8.23,9.9,63.32203808,4.859,2159.064
5,mutant_hpo,0.659,9.73,63.32203808,4.859,2159.064
5,mutant_hpo,0.823,2.98,63.32203808,4.859,2159.064
5,mutant_hpo,9.22,8.02,63.32203808,4.859,2159.064
5,mutant_hpo,16.6,10.3,63.32203808,4.859,2159.064
5,mutant_hpo,13.5,0.631,63.32203808,4.859,2159.064
5,mutant_hpo,26,9.18,63.32203808,4.859,2159.064
5,mutant_hpo,31.3,6.42,63.32203808,4.859,2159.064
5,mutant_hpo,36.7,1.66,63.32203808,4.859,2159.064
5,mutant_hpo,31,-2.31,63.32203808,4.859,2159.064
5,mutant_hpo,21.6,-3.21,63.32203808,4.859,2159.064
5,mutant_hpo,30.6,-8.9,63.32203808,4.859,2159.064
5,mutant_hpo,23.4,-12.9,63.32203808,4.859,2159.064
5,mutant_hpo,15,-12.9,63.32203808,4.859,2159.064
5,mutant_hpo,8.07,-8.06,63.32203808,4.859,2159.064
5,mutant_hpo,6.26,-13.6,63.32203808,4.859,2159.064
5,mutant_hpo,2.31,-16.3,63.32203808,4.859,2159.064
5,mutant_hpo,-2.96,-11.9,63.32203808,4.859,2159.064
5,mutant_hpo,-10.4,-5.72,63.32203808,4.859,2159.064
5,mutant_hpo,-4.12,-16.2,63.32203808,4.859,2159.064
5,mutant_hpo,-12.3,-14.3,63.32203808,4.859,2159.064
5,mutant_hpo,-17.3,-14.2,63.32203808,4.859,2159.064
5,mutant_hpo,-23.5,-12.5,63.32203808,4.859,2159.064
5,mutant_hpo,-30,-9.85,63.32203808,4.859,2159.064
5,mutant_hpo,-34.7,-3.1,63.32203808,4.859,2159.064
6,mutant_hpo,0.932,18.8,52.03040183,3.168,1984.9824
6,mutant_hpo,1.39,12.1,52.03040183,3.168,1984.9824
6,mutant_hpo,1.95,4.02,52.03040183,3.168,1984.9824
6,mutant_hpo,8.09,10.5,52.03040183,3.168,1984.9824
6,mutant_hpo,9.46,17.6,52.03040183,3.168,1984.9824
6,mutant_hpo,12.8,8.69,52.03040183,3.168,1984.9824
6,mutant_hpo,10.1,0.917,52.03040183,3.168,1984.9824
6,mutant_hpo,20.7,9.28,52.03040183,3.168,1984.9824
6,mutant_hpo,21.8,0.366,52.03040183,3.168,1984.9824
6,mutant_hpo,26.1,-3.2,52.03040183,3.168,1984.9824
6,mutant_hpo,24,-11.3,52.03040183,3.168,1984.9824
6,mutant_hpo,21.5,-17.6,52.03040183,3.168,1984.9824
6,mutant_hpo,14.8,-5.26,52.03040183,3.168,1984.9824
6,mutant_hpo,10.9,-11.2,52.03040183,3.168,1984.9824
6,mutant_hpo,11.6,-16.2,52.03040183,3.168,1984.9824
6,mutant_hpo,8.72,-20.5,52.03040183,3.168,1984.9824
6,mutant_hpo,3.83,-3.6,52.03040183,3.168,1984.9824
6,mutant_hpo,0.623,-13.4,52.03040183,3.168,1984.9824
6,mutant_hpo,-3.6,-20.7,52.03040183,3.168,1984.9824
6,mutant_hpo,-4.82,-10.4,52.03040183,3.168,1984.9824
6,mutant_hpo,-6.34,-3.11,52.03040183,3.168,1984.9824
6,mutant_hpo,-13.1,-8.37,52.03040183,3.168,1984.9824
6,mutant_hpo,-13.8,-17.2,52.03040183,3.168,1984.9824
6,mutant_hpo,-21,-15.3,52.03040183,3.168,1984.9824
6,mutant_hpo,-20.2,-10.7,52.03040183,3.168,1984.9824
6,mutant_hpo,-14.9,-3.57,52.03040183,3.168,1984.9824
6,mutant_hpo,-20.3,0.625,52.03040183,3.168,1984.9824
6,mutant_hpo,-7.99,6.11,52.03040183,3.168,1984.9824
6,mutant_hpo,-18.4,7.64,52.03040183,3.168,1984.9824
6,mutant_hpo,-15.8,14.2,52.03040183,3.168,1984.9824
6,mutant_hpo,-11.3,16.8,52.03040183,3.168,1984.9824
6,mutant_hpo,-5.12,18.3,52.03040183,3.168,1984.9824
7,mutant_hpo,-0.954,21,67.77607575,6.346,3257.436
7,mutant_hpo,1.49,29.1,67.77607575,6.346,3257.436
7,mutant_hpo,-11,27.5,67.77607575,6.346,3257.436
7,mutant_hpo,-13.2,21.3,67.77607575,6.346,3257.436
7,mutant_hpo,-17.7,16.4,67.77607575,6.346,3257.436
7,mutant_hpo,-25.7,12.5,67.77607575,6.346,3257.436
7,mutant_hpo,-15,7.91,67.77607575,6.346,3257.436
7,mutant_hpo,-7.71,1.83,67.77607575,6.346,3257.436
7,mutant_hpo,-2.66,-2.79,67.77607575,6.346,3257.436
7,mutant_hpo,-25.8,0.595,67.77607575,6.346,3257.436
7,mutant_hpo,-25.6,-7.47,67.77607575,6.346,3257.436
7,mutant_hpo,-9.13,-7.73,67.77607575,6.346,3257.436
7,mutant_hpo,-26.8,-16,67.77607575,6.346,3257.436
7,mutant_hpo,-12.3,-15,67.77607575,6.346,3257.436
7,mutant_hpo,-19.7,-21.4,67.77607575,6.346,3257.436
7,mutant_hpo,-12.9,-27.7,67.77607575,6.346,3257.436
7,mutant_hpo,-3.86,-27,67.77607575,6.346,3257.436
7,mutant_hpo,8.71,-28.8,67.77607575,6.346,3257.436
7,mutant_hpo,18.4,-24,67.77607575,6.346,3257.436
7,mutant_hpo,7.95,-20.3,67.77607575,6.346,3257.436
7,mutant_hpo,10.7,-13.1,67.77607575,6.346,3257.436
7,mutant_hpo,15.2,-9.41,67.77607575,6.346,3257.436
7,mutant_hpo,27,-17.6,67.77607575,6.346,3257.436
7,mutant_hpo,29,-10.6,67.77607575,6.346,3257.436
7,mutant_hpo,28,-1.01,67.77607575,6.346,3257.436
7,mutant_hpo,12.6,-3.92,67.77607575,6.346,3257.436
7,mutant_hpo,13.3,4.15,67.77607575,6.346,3257.436
7,mutant_hpo,30.2,6.23,67.77607575,6.346,3257.436
7,mutant_hpo,15.8,11.4,67.77607575,6.346,3257.436
7,mutant_hpo,24.7,16.8,67.77607575,6.346,3257.436
7,mutant_hpo,20.1,22.9,67.77607575,6.346,3257.436
7,mutant_hpo,12.3,28.8,67.77607575,6.346,3257.436
8,mutant_hpo,-2.55,15.9,47.94708042,7.642,2023.2904
8,mutant_hpo,-6.36,6.08,47.94708042,7.642,2023.2904
8,mutant_hpo,-12,12.9,47.94708042,7.642,2023.2904
8,mutant_hpo,-16.2,-1.34,47.94708042,7.642,2023.2904
8,mutant_hpo,-25,12.3,47.94708042,7.642,2023.2904
8,mutant_hpo,-30.2,5.19,47.94708042,7.642,2023.2904
8,mutant_hpo,-32.2,-3.26,47.94708042,7.642,2023.2904
8,mutant_hpo,-31.1,-8.16,47.94708042,7.642,2023.2904
8,mutant_hpo,-26.9,-13.6,47.94708042,7.642,2023.2904
8,mutant_hpo,-17.4,-10.8,47.94708042,7.642,2023.2904
8,mutant_hpo,-8.81,-11.6,47.94708042,7.642,2023.2904
8,mutant_hpo,-0.398,-13.6,47.94708042,7.642,2023.2904
8,mutant_hpo,4.72,-5.19,47.94708042,7.642,2023.2904
8,mutant_hpo,11.6,-15,47.94708042,7.642,2023.2904
8,mutant_hpo,17.7,-11.3,47.94708042,7.642,2023.2904
8,mutant_hpo,27.7,-11.6,47.94708042,7.642,2023.2904
8,mutant_hpo,32.7,-9.79,47.94708042,7.642,2023.2904
8,mutant_hpo,33.4,-2.52,47.94708042,7.642,2023.2904
8,mutant_hpo,12.3,0.593,47.94708042,7.642,2023.2904
8,mutant_hpo,21.2,2.67,47.94708042,7.642,2023.2904
8,mutant_hpo,29.6,9.2,47.94708042,7.642,2023.2904
8,mutant_hpo,19.1,14.5,47.94708042,7.642,2023.2904
8,mutant_hpo,11.6,13.5,47.94708042,7.642,2023.2904
8,mutant_hpo,5.68,9.64,47.94708042,7.642,2023.2904
9,mutant_hpo,-6.55,14.1,58.800582,4.859,2165.7051
9,mutant_hpo,-3.16,8.92,58.800582,4.859,2165.7051
9,mutant_hpo,-14.8,13.2,58.800582,4.859,2165.7051
9,mutant_hpo,-24.3,11.2,58.800582,4.859,2165.7051
9,mutant_hpo,-33.4,10.4,58.800582,4.859,2165.7051
9,mutant_hpo,-31,0.178,58.800582,4.859,2165.7051
9,mutant_hpo,-31,-8.02,58.800582,4.859,2165.7051
9,mutant_hpo,-23.4,-12.2,58.800582,4.859,2165.7051
9,mutant_hpo,-18.2,-15.6,58.800582,4.859,2165.7051
9,mutant_hpo,-5.67,-17,58.800582,4.859,2165.7051
9,mutant_hpo,-12.7,-9.47,58.800582,4.859,2165.7051
9,mutant_hpo,-6.4,-2.87,58.800582,4.859,2165.7051
9,mutant_hpo,2.19,-9.96,58.800582,4.859,2165.7051
9,mutant_hpo,9.41,-16,58.800582,4.859,2165.7051
9,mutant_hpo,18.8,-11.5,58.800582,4.859,2165.7051
9,mutant_hpo,28.8,-11.7,58.800582,4.859,2165.7051
9,mutant_hpo,15,-2.69,58.800582,4.859,2165.7051
9,mutant_hpo,25.9,-0.863,58.800582,4.859,2165.7051
9,mutant_hpo,33.2,-0.807,58.800582,4.859,2165.7051
9,mutant_hpo,27.5,8.37,58.800582,4.859,2165.7051
9,mutant_hpo,19.9,8.62,58.800582,4.859,2165.7051
9,mutant_hpo,12.5,14.5,58.800582,4.859,2165.7051
9,mutant_hpo,8.71,7.4,58.800582,4.859,2165.7051
9,mutant_hpo,3.23,12.9,58.800582,4.859,2165.7051
10,mutant_hpo,-4.39,19.1,68.4472115,8.674,2763.4512
10,mutant_hpo,-7.13,9.34,68.4472115,8.674,2763.4512
10,mutant_hpo,-15.2,20.9,68.4472115,8.674,2763.4512
10,mutant_hpo,-30,16,68.4472115,8.674,2763.4512
10,mutant_hpo,-29.3,5.93,68.4472115,8.674,2763.4512
10,mutant_hpo,-32.7,0.223,68.4472115,8.674,2763.4512
10,mutant_hpo,-33.7,-10.1,68.4472115,8.674,2763.4512
10,mutant_hpo,-32.7,-18.7,68.4472115,8.674,2763.4512
10,mutant_hpo,-21,-19.8,68.4472115,8.674,2763.4512
10,mutant_hpo,-15.5,-22.6,68.4472115,8.674,2763.4512
10,mutant_hpo,-4.21,-22.1,68.4472115,8.674,2763.4512
10,mutant_hpo,-2.93,-13.7,68.4472115,8.674,2763.4512
10,mutant_hpo,-13,-8.73,68.4472115,8.674,2763.4512
10,mutant_hpo,12.1,-15.7,68.4472115,8.674,2763.4512
10,mutant_hpo,10.8,-22.2,68.4472115,8.674,2763.4512
10,mutant_hpo,24,-20.7,68.4472115,8.674,2763.4512
10,mutant_hpo,26.7,-10.9,68.4472115,8.674,2763.4512
10,mutant_hpo,35.7,-9,68.4472115,8.674,2763.4512
10,mutant_hpo,14.6,-4.57,68.4472115,8.674,2763.4512
10,mutant_hpo,4.94,3,68.4472115,8.674,2763.4512
10,mutant_hpo,38.6,3.04,68.4472115,8.674,2763.4512
10,mutant_hpo,33.1,9.8,68.4472115,8.674,2763.4512
10,mutant_hpo,21.6,7.03,68.4472115,8.674,2763.4512
10,mutant_hpo,27.6,14.9,68.4472115,8.674,2763.4512
10,mutant_hpo,20.5,15,68.4472115,8.674,2763.4512
10,mutant_hpo,9.33,19.9,68.4472115,8.674,2763.4512
11,mutant_hpo,1.13,15.3,55.23443167,1.943,1842.6933
11,mutant_hpo,1.61,7.58,55.23443167,1.943,1842.6933
11,mutant_hpo,-2.9,6.28,55.23443167,1.943,1842.6933
11,mutant_hpo,-6.82,16.7,55.23443167,1.943,1842.6933
11,mutant_hpo,-11,7.3,55.23443167,1.943,1842.6933
11,mutant_hpo,-16.9,11.2,55.23443167,1.943,1842.6933
11,mutant_hpo,-15.9,17.8,55.23443167,1.943,1842.6933
11,mutant_hpo,-25.1,8.3,55.23443167,1.943,1842.6933
11,mutant_hpo,-18.6,3.64,55.23443167,1.943,1842.6933
11,mutant_hpo,-27.1,-5.13,55.23443167,1.943,1842.6933
11,mutant_hpo,-22.7,-11.9,55.23443167,1.943,1842.6933
11,mutant_hpo,-16.3,-17.1,55.23443167,1.943,1842.6933
11,mutant_hpo,-10.9,-3.41,55.23443167,1.943,1842.6933
11,mutant_hpo,-7.21,-10.8,55.23443167,1.943,1842.6933
11,mutant_hpo,-4.62,-16.7,55.23443167,1.943,1842.6933
11,mutant_hpo,2.96,-12.7,55.23443167,1.943,1842.6933
11,mutant_hpo,4.01,-3.62,55.23443167,1.943,1842.6933
11,mutant_hpo,9.53,-16,55.23443167,1.943,1842.6933
11,mutant_hpo,16.9,-16.7,55.23443167,1.943,1842.6933
11,mutant_hpo,9.79,-8.68,55.23443167,1.943,1842.6933
11,mutant_hpo,19,-11.5,55.23443167,1.943,1842.6933
11,mutant_hpo,24,-5.15,55.23443167,1.943,1842.6933
11,mutant_hpo,30.1,-2.11,55.23443167,1.943,1842.6933
11,mutant_hpo,29.7,7.09,55.23443167,1.943,1842.6933
11,mutant_hpo,22.6,6.46,55.23443167,1.943,1842.6933
11,mutant_hpo,19.5,13.3,55.23443167,1.943,1842.6933
11,mutant_hpo,13.1,11.6,55.23443167,1.943,1842.6933
11,mutant_hpo,7.55,12.9,55.23443167,1.943,1842.6933
12,mutant_hpo,1.74,14.8,42.27815058,3.148,1796.5824
12,mutant_hpo,-1.91,10.2,42.27815058,3.148,1796.5824
12,mutant_hpo,-6.64,16,42.27815058,3.148,1796.5824
12,mutant_hpo,-8.73,0.181,42.27815058,3.148,1796.5824
12,mutant_hpo,0.375,-2.72,42.27815058,3.148,1796.5824
12,mutant_hpo,-16.4,11,42.27815058,3.148,1796.5824
12,mutant_hpo,-22.8,12.8,42.27815058,3.148,1796.5824
12,mutant_hpo,-23,4.2,42.27815058,3.148,1796.5824
12,mutant_hpo,-29.1,-4.22,42.27815058,3.148,1796.5824
12,mutant_hpo,-22.7,-8.33,42.27815058,3.148,1796.5824
12,mutant_hpo,-14,-7.01,42.27815058,3.148,1796.5824
12,mutant_hpo,-16.8,-16.7,42.27815058,3.148,1796.5824
12,mutant_hpo,-9.19,-17.4,42.27815058,3.148,1796.5824
12,mutant_hpo,-1.35,-15.5,42.27815058,3.148,1796.5824
12,mutant_hpo,-2.71,-9.65,42.27815058,3.148,1796.5824
12,mutant_hpo,5.74,-16.5,42.27815058,3.148,1796.5824
12,mutant_hpo,12.5,-16,42.27815058,3.148,1796.5824
12,mutant_hpo,19.2,-13.8,42.27815058,3.148,1796.5824
12,mutant_hpo,19.7,-8.39,42.27815058,3.148,1796.5824
12,mutant_hpo,27.8,-7.48,42.27815058,3.148,1796.5824
12,mutant_hpo,22.3,-3.09,42.27815058,3.148,1796.5824
12,mutant_hpo,28.6,1.78,42.27815058,3.148,1796.5824
12,mutant_hpo,23.3,7.8,42.27815058,3.148,1796.5824
12,mutant_hpo,17,5.24,42.27815058,3.148,1796.5824
12,mutant_hpo,11.8,5.53,42.27815058,3.148,1796.5824
12,mutant_hpo,3.24,5.44,42.27815058,3.148,1796.5824
12,mutant_hpo,13.3,15.1,42.27815058,3.148,1796.5824
13,mutant_hpo,-1.07,14.1,46.47633058,7.502,1917.441
13,mutant_hpo,-2.45,2.51,46.47633058,7.502,1917.441
13,mutant_hpo,-8.72,15.4,46.47633058,7.502,1917.441
13,mutant_hpo,-15.2,14.3,46.47633058,7.502,1917.441
13,mutant_hpo,-16.3,6.42,46.47633058,7.502,1917.441
13,mutant_hpo,-25.3,15.7,46.47633058,7.502,1917.441
13,mutant_hpo,-28.7,7.99,46.47633058,7.502,1917.441
13,mutant_hpo,-31.9,-2.19,46.47633058,7.502,1917.441
13,mutant_hpo,-27.5,-8.93,46.47633058,7.502,1917.441
13,mutant_hpo,-17.9,-6.11,46.47633058,7.502,1917.441
13,mutant_hpo,-14.3,-15.8,46.47633058,7.502,1917.441
13,mutant_hpo,-9.65,-2.66,46.47633058,7.502,1917.441
13,mutant_hpo,-4.77,-15.8,46.47633058,7.502,1917.441
13,mutant_hpo,-2.01,-10.2,46.47633058,7.502,1917.441
13,mutant_hpo,3.22,-15.7,46.47633058,7.502,1917.441
13,mutant_hpo,4.11,-5.33,46.47633058,7.502,1917.441
13,mutant_hpo,9.74,-13.2,46.47633058,7.502,1917.441
13,mutant_hpo,19.4,-16,46.47633058,7.502,1917.441
13,mutant_hpo,20.1,-9.55,46.47633058,7.502,1917.441
13,mutant_hpo,28.2,-6.74,46.47633058,7.502,1917.441
13,mutant_hpo,14.4,-6.11,46.47633058,7.502,1917.441
13,mutant_hpo,20.5,0.313,46.47633058,7.502,1917.441
13,mutant_hpo,33.2,1.57,46.47633058,7.502,1917.441
13,mutant_hpo,31.1,8.46,46.47633058,7.502,1917.441
13,mutant_hpo,24.7,13.9,46.47633058,7.502,1917.441
13,mutant_hpo,17,15.8,46.47633058,7.502,1917.441
13,mutant_hpo,6.32,14.7,46.47633058,7.502,1917.441
13,mutant_hpo,2.64,9.08,46.47633058,7.502,1917.441
15,mutant_hpo,-6.14,16.9,45.32251142,6.065,2105.29935
15,mutant_hpo,-9.98,11.6,45.32251142,6.065,2105.29935
15,mutant_hpo,-10.8,2.04,45.32251142,6.065,2105.29935
15,mutant_hpo,-15.3,15,45.32251142,6.065,2105.29935
15,mutant_hpo,-26.6,13.7,45.32251142,6.065,2105.29935
15,mutant_hpo,-32,5.8,45.32251142,6.065,2105.29935
15,mutant_hpo,-31.5,0.712,45.32251142,6.065,2105.29935
15,mutant_hpo,-31.6,-7.77,45.32251142,6.065,2105.29935
15,mutant_hpo,-20.3,-6.02,45.32251142,6.065,2105.29935
15,mutant_hpo,-22.8,-14.1,45.32251142,6.065,2105.29935
15,mutant_hpo,-15.2,-14.5,45.32251142,6.065,2105.29935
15,mutant_hpo,-4.86,-14.7,45.32251142,6.065,2105.29935
15,mutant_hpo,-4.44,-6.57,45.32251142,6.065,2105.29935
15,mutant_hpo,4.96,-17.9,45.32251142,6.065,2105.29935
15,mutant_hpo,11,-13.7,45.32251142,6.065,2105.29935
15,mutant_hpo,7.66,-5.59,45.32251142,6.065,2105.29935
15,mutant_hpo,22.8,-13.2,45.32251142,6.065,2105.29935
15,mutant_hpo,22.5,-5.37,45.32251142,6.065,2105.29935
15,mutant_hpo,31.5,-5.17,45.32251142,6.065,2105.29935
15,mutant_hpo,33.3,2.54,45.32251142,6.065,2105.29935
15,mutant_hpo,12.6,7.69,45.32251142,6.065,2105.29935
15,mutant_hpo,26.2,13.6,45.32251142,6.065,2105.29935
15,mutant_hpo,20.3,18.1,45.32251142,6.065,2105.29935
15,mutant_hpo,13.4,15.7,45.32251142,6.065,2105.29935
15,mutant_hpo,5.28,17.5,45.32251142,6.065,2105.29935
16,mutant_hpo,-5.51,12.3,49.00112608,5.661,2187.11205
16,mutant_hpo,-2.63,0.318,49.00112608,5.661,2187.11205
16,mutant_hpo,-14.9,20.8,49.00112608,5.661,2187.11205
16,mutant_hpo,-20.6,15.2,49.00112608,5.661,2187.11205
16,mutant_hpo,-27.1,9.41,49.00112608,5.661,2187.11205
16,mutant_hpo,-27,-2.87,49.00112608,5.661,2187.11205
16,mutant_hpo,-29.6,-10.4,49.00112608,5.661,2187.11205
16,mutant_hpo,-17.7,-12.9,49.00112608,5.661,2187.11205
16,mutant_hpo,-12.3,-5.95,49.00112608,5.661,2187.11205
16,mutant_hpo,-13.3,-18.5,49.00112608,5.661,2187.11205
16,mutant_hpo,-4.59,-15,49.00112608,5.661,2187.11205
16,mutant_hpo,-0.199,-20.6,49.00112608,5.661,2187.11205
16,mutant_hpo,3.32,-12.6,49.00112608,5.661,2187.11205
16,mutant_hpo,6.65,-20.8,49.00112608,5.661,2187.11205
16,mutant_hpo,10.3,-17.7,49.00112608,5.661,2187.11205
16,mutant_hpo,18.4,-16.9,49.00112608,5.661,2187.11205
16,mutant_hpo,26.4,-15.7,49.00112608,5.661,2187.11205
16,mutant_hpo,21.9,-8.98,49.00112608,5.661,2187.11205
16,mutant_hpo,29.1,-3.17,49.00112608,5.661,2187.11205
16,mutant_hpo,21.9,2.1,49.00112608,5.661,2187.11205
16,mutant_hpo,22.5,6.94,49.00112608,5.661,2187.11205
16,mutant_hpo,4.19,14.6,49.00112608,5.661,2187.11205
16,mutant_hpo,9.01,17.5,49.00112608,5.661,2187.11205
16,mutant_hpo,13.3,-7.57,49.00112608,5.661,2187.11205
17,mutant_hpo,-6.94,15.6,58.46074242,7.314,2330.68855
17,mutant_hpo,-3.09,8.2,58.46074242,7.314,2330.68855
17,mutant_hpo,-12.4,10.9,58.46074242,7.314,2330.68855
17,mutant_hpo,-13.6,16.6,58.46074242,7.314,2330.68855
17,mutant_hpo,-20.5,17,58.46074242,7.314,2330.68855
17,mutant_hpo,-27.9,14.2,58.46074242,7.314,2330.68855
17,mutant_hpo,-30.8,8.14,58.46074242,7.314,2330.68855
17,mutant_hpo,-29.1,-1.1,58.46074242,7.314,2330.68855
17,mutant_hpo,-36.7,-6.43,58.46074242,7.314,2330.68855
17,mutant_hpo,-28.4,-12.2,58.46074242,7.314,2330.68855
17,mutant_hpo,-15,-6.28,58.46074242,7.314,2330.68855
17,mutant_hpo,-16.9,-13,58.46074242,7.314,2330.68855
17,mutant_hpo,-7.19,-16.3,58.46074242,7.314,2330.68855
17,mutant_hpo,-4.38,-11.5,58.46074242,7.314,2330.68855
17,mutant_hpo,6.07,-16.1,58.46074242,7.314,2330.68855
17,mutant_hpo,14.1,-17.3,58.46074242,7.314,2330.68855
17,mutant_hpo,17.8,-7.82,58.46074242,7.314,2330.68855
17,mutant_hpo,31.6,-8.63,58.46074242,7.314,2330.68855
17,mutant_hpo,28.8,2.44,58.46074242,7.314,2330.68855
17,mutant_hpo,33.7,11.1,58.46074242,7.314,2330.68855
17,mutant_hpo,23.4,15.2,58.46074242,7.314,2330.68855
17,mutant_hpo,15.8,11,58.46074242,7.314,2330.68855
17,mutant_hpo,5.94,15.6,58.46074242,7.314,2330.68855
17,mutant_hpo,7.31,9.2,58.46074242,7.314,2330.68855
17,mutant_hpo,7.61,-1.24,58.46074242,7.314,2330.68855
3,mutant_inr,-0.87,11.9,39.4202665,1.381,1416.768
3,mutant_inr,-1.3,9.3,39.4202665,1.381,1416.768
3,mutant_inr,-7.79,10.9,39.4202665,1.381,1416.768
3,mutant_inr,9.15,14.2,39.4202665,1.381,1416.768
3,mutant_inr,9.08,6.05,39.4202665,1.381,1416.768
3,mutant_inr,5.88,1.04,39.4202665,1.381,1416.768
3,mutant_inr,16,0.901,39.4202665,1.381,1416.768
3,mutant_inr,21.4,5.72,39.4202665,1.381,1416.768
3,mutant_inr,20.1,-7.7,39.4202665,1.381,1416.768
3,mutant_inr,11.9,-12.5,39.4202665,1.381,1416.768
3,mutant_inr,4.43,-12.6,39.4202665,1.381,1416.768
3,mutant_inr,5.41,-5.55,39.4202665,1.381,1416.768
3,mutant_inr,-0.69,-17.3,39.4202665,1.381,1416.768
3,mutant_inr,-4.64,-9.38,39.4202665,1.381,1416.768
3,mutant_inr,-5.14,-2.17,39.4202665,1.381,1416.768
3,mutant_inr,-9.38,-16.4,39.4202665,1.381,1416.768
3,mutant_inr,-12,-9.47,39.4202665,1.381,1416.768
3,mutant_inr,-19.2,-8.7,39.4202665,1.381,1416.768
3,mutant_inr,-16.7,3.81,39.4202665,1.381,1416.768
4,mutant_inr,-6.64,10.1,34.99998383,2.291,1486.59375
4,mutant_inr,-7.62,3.26,34.99998383,2.291,1486.59375
4,mutant_inr,2.53,16,34.99998383,2.291,1486.59375
4,mutant_inr,2.92,3.16,34.99998383,2.291,1486.59375
4,mutant_inr,14.2,13.9,34.99998383,2.291,1486.59375
4,mutant_inr,18.1,8.73,34.99998383,2.291,1486.59375
4,mutant_inr,12.2,4.07,34.99998383,2.291,1486.59375
4,mutant_inr,19,2.14,34.99998383,2.291,1486.59375
4,mutant_inr,17.1,-1.96,34.99998383,2.291,1486.59375
4,mutant_inr,10.8,-2.06,34.99998383,2.291,1486.59375
4,mutant_inr,9.56,-8.81,34.99998383,2.291,1486.59375
4,mutant_inr,6.76,-15.1,34.99998383,2.291,1486.59375
4,mutant_inr,-0.672,-16.7,34.99998383,2.291,1486.59375
4,mutant_inr,-0.188,-7.82,34.99998383,2.291,1486.59375
4,mutant_inr,-6.75,-13,34.99998383,2.291,1486.59375
4,mutant_inr,-14.2,-15.3,34.99998383,2.291,1486.59375
4,mutant_inr,-13.3,-8.78,34.99998383,2.291,1486.59375
4,mutant_inr,-14.3,-0.783,34.99998383,2.291,1486.59375
4,mutant_inr,-21.1,-1.52,34.99998383,2.291,1486.59375
6,mutant_inr,-1.99,17.7,41.07431383,6.353,1550.69685
6,mutant_inr,-0.39,10.2,41.07431383,6.353,1550.69685
6,mutant_inr,-15,13.6,41.07431383,6.353,1550.69685
6,mutant_inr,-16.9,6.54,41.07431383,6.353,1550.69685
6,mutant_inr,-17.8,-1.67,41.07431383,6.353,1550.69685
6,mutant_inr,-19.1,-10.3,41.07431383,6.353,1550.69685
6,mutant_inr,-7.81,-6.96,41.07431383,6.353,1550.69685
6,mutant_inr,-11.3,-14.3,41.07431383,6.353,1550.69685
6,mutant_inr,-3.77,-19.1,41.07431383,6.353,1550.69685
6,mutant_inr,-0.624,-10.9,41.07431383,6.353,1550.69685
6,mutant_inr,7.59,-18.9,41.07431383,6.353,1550.69685
6,mutant_inr,15.3,-13.2,41.07431383,6.353,1550.69685
6,mutant_inr,13.8,-5.01,41.07431383,6.353,1550.69685
6,mutant_inr,20.8,-2.64,41.07431383,6.353,1550.69685
6,mutant_inr,15.4,3.62,41.07431383,6.353,1550.69685
6,mutant_inr,2.95,2.92,41.07431383,6.353,1550.69685
6,mutant_inr,15.3,12.7,41.07431383,6.353,1550.69685
8,mutant_inr,-4.4,16.8,31.44946808,4.5,1441.26
8,mutant_inr,-5.02,8.25,31.44946808,4.5,1441.26
8,mutant_inr,-13.8,4.09,31.44946808,4.5,1441.26
8,mutant_inr,-1.99,-0.195,31.44946808,4.5,1441.26
8,mutant_inr,-18.5,-2.92,31.44946808,4.5,1441.26
8,mutant_inr,-9.12,-6.95,31.44946808,4.5,1441.26
8,mutant_inr,-12.7,-12.9,31.44946808,4.5,1441.26
8,mutant_inr,-2.95,-19,31.44946808,4.5,1441.26
8,mutant_inr,-0.131,-15.5,31.44946808,4.5,1441.26
8,mutant_inr,4.31,-11.6,31.44946808,4.5,1441.26
8,mutant_inr,12.7,-15.4,31.44946808,4.5,1441.26
8,mutant_inr,7.11,-5,31.44946808,4.5,1441.26
8,mutant_inr,18.2,-6.17,31.44946808,4.5,1441.26
8,mutant_inr,12.5,3.31,31.44946808,4.5,1441.26
8,mutant_inr,17.7,7.73,31.44946808,4.5,1441.26
8,mutant_inr,9.02,15.4,31.44946808,4.5,1441.26
8,mutant_inr,2.78,16.1,31.44946808,4.5,1441.26
10,mutant_inr,-7.53,10.3,38.45411467,2.846,1721.191
10,mutant_inr,-11.1,3.03,38.45411467,2.846,1721.191
10,mutant_inr,-18.3,7.88,38.45411467,2.846,1721.191
10,mutant_inr,-15.1,-2.33,38.45411467,2.846,1721.191
10,mutant_inr,-24.8,-8.76,38.45411467,2.846,1721.191
10,mutant_inr,-17.6,-14.4,38.45411467,2.846,1721.191
10,mutant_inr,-6.06,-6.83,38.45411467,2.846,1721.191
10,mutant_inr,-5.44,-17,38.45411467,2.846,1721.191
10,mutant_inr,9.37,-17.2,38.45411467,2.846,1721.191
10,mutant_inr,7.09,-10.8,38.45411467,2.846,1721.191
10,mutant_inr,13.4,-5.82,38.45411467,2.846,1721.191
10,mutant_inr,21.5,-10.8,38.45411467,2.846,1721.191
10,mutant_inr,21.9,2.12,38.45411467,2.846,1721.191
10,mutant_inr,10,1.26,38.45411467,2.846,1721.191
10,mutant_inr,11.4,6.38,38.45411467,2.846,1721.191
10,mutant_inr,11,11,38.45411467,2.846,1721.191
11,mutant_inr,-8.93,16.1,28.81810883,2.949,1362.9798
11,mutant_inr,-3.53,7.38,28.81810883,2.949,1362.9798
11,mutant_inr,-5.9,0.896,28.81810883,2.949,1362.9798
11,mutant_inr,-14.4,4.48,28.81810883,2.949,1362.9798
11,mutant_inr,-17.8,-1.31,28.81810883,2.949,1362.9798
11,mutant_inr,-5.82,-3.1,28.81810883,2.949,1362.9798
11,mutant_inr,-15.8,-9.45,28.81810883,2.949,1362.9798
11,mutant_inr,-4.49,-8.62,28.81810883,2.949,1362.9798
11,mutant_inr,-10.8,-15.9,28.81810883,2.949,1362.9798
11,mutant_inr,0.784,-16.3,28.81810883,2.949,1362.9798
11,mutant_inr,8.17,-15.8,28.81810883,2.949,1362.9798
11,mutant_inr,11.9,-10,28.81810883,2.949,1362.9798
11,mutant_inr,6.8,-3.1,28.81810883,2.949,1362.9798
11,mutant_inr,19.8,-6.55,28.81810883,2.949,1362.9798
11,mutant_inr,18.2,1.45,28.81810883,2.949,1362.9798
11,mutant_inr,13.3,6.96,28.81810883,2.949,1362.9798
11,mutant_inr,12,11.8,28.81810883,2.949,1362.9798
11,mutant_inr,8.23,16.5,28.81810883,2.949,1362.9798
12,mutant_inr,-1.19,15.1,33.08458383,6.919,1376.8272
12,mutant_inr,-7.4,8.89,33.08458383,6.919,1376.8272
12,mutant_inr,-5.86,2.04,33.08458383,6.919,1376.8272
12,mutant_inr,3.77,2.38,33.08458383,6.919,1376.8272
12,mutant_inr,-13.2,-1.24,33.08458383,6.919,1376.8272
12,mutant_inr,-20.2,-6.9,33.08458383,6.919,1376.8272
12,mutant_inr,-13.6,-14.8,33.08458383,6.919,1376.8272
12,mutant_inr,-7.14,-12.2,33.08458383,6.919,1376.8272
12,mutant_inr,-0.121,-17,33.08458383,6.919,1376.8272
12,mutant_inr,1.08,-6.04,33.08458383,6.919,1376.8272
12,mutant_inr,7.53,-15.2,33.08458383,6.919,1376.8272
12,mutant_inr,15,-12.5,33.08458383,6.919,1376.8272
12,mutant_inr,14.4,-5.33,33.08458383,6.919,1376.8272
12,mutant_inr,15.9,2.02,33.08458383,6.919,1376.8272
12,mutant_inr,14.1,7.81,33.08458383,6.919,1376.8272
12,mutant_inr,13.1,14.2,33.08458383,6.919,1376.8272
13,mutant_inr,1.8,10.3,35.229701,2.48,1640.9169
13,mutant_inr,-5.05,2.39,35.229701,2.48,1640.9169
13,mutant_inr,-14.1,2.56,35.229701,2.48,1640.9169
13,mutant_inr,-15.6,13.6,35.229701,2.48,1640.9169
13,mutant_inr,-19.5,4.82,35.229701,2.48,1640.9169
13,mutant_inr,-24.3,-1.47,35.229701,2.48,1640.9169
13,mutant_inr,-11.1,-7.13,35.229701,2.48,1640.9169
13,mutant_inr,-2.64,-7.54,35.229701,2.48,1640.9169
13,mutant_inr,-1.68,-16.4,35.229701,2.48,1640.9169
13,mutant_inr,6.97,-7.93,35.229701,2.48,1640.9169
13,mutant_inr,8.05,-17.1,35.229701,2.48,1640.9169
13,mutant_inr,17.8,-17.7,35.229701,2.48,1640.9169
13,mutant_inr,20.9,-6.44,35.229701,2.48,1640.9169
13,mutant_inr,13.3,-1.97,35.229701,2.48,1640.9169
13,mutant_inr,22.1,8.92,35.229701,2.48,1640.9169
13,mutant_inr,16.6,16.4,35.229701,2.48,1640.9169
13,mutant_inr,8.9,17,35.229701,2.48,1640.9169
14,mutant_inr,-5.69,13.4,40.88213275,7.553,1255.00305
14,mutant_inr,-13.7,9.25,40.88213275,7.553,1255.00305
14,mutant_inr,-19.5,4.38,40.88213275,7.553,1255.00305
14,mutant_inr,-21.7,-4.94,40.88213275,7.553,1255.00305
14,mutant_inr,-14.6,-2.86,40.88213275,7.553,1255.00305
14,mutant_inr,-4.18,-1.28,40.88213275,7.553,1255.00305
14,mutant_inr,-13.7,-13.3,40.88213275,7.553,1255.00305
14,mutant_inr,-5.46,-12.8,40.88213275,7.553,1255.00305
14,mutant_inr,3.72,-12.6,40.88213275,7.553,1255.00305
14,mutant_inr,11.6,-14.7,40.88213275,7.553,1255.00305
14,mutant_inr,14.2,-6.02,40.88213275,7.553,1255.00305
14,mutant_inr,22.8,-4.83,40.88213275,7.553,1255.00305
14,mutant_inr,15.7,5.2,40.88213275,7.553,1255.00305
14,mutant_inr,18.8,8.78,40.88213275,7.553,1255.00305
14,mutant_inr,9.06,13.8,40.88213275,7.553,1255.00305
14,mutant_inr,2.67,6.28,40.88213275,7.553,1255.00305
15,mutant_inr,0.424,10.1,27.92152108,4.287,1017.66615
15,mutant_inr,-11.5,9.03,27.92152108,4.287,1017.66615
15,mutant_inr,-11.3,3.78,27.92152108,4.287,1017.66615
15,mutant_inr,-11.2,-0.32,27.92152108,4.287,1017.66615
15,mutant_inr,-22.5,2.5,27.92152108,4.287,1017.66615
15,mutant_inr,-21.9,-2.63,27.92152108,4.287,1017.66615
15,mutant_inr,-22.3,-6.85,27.92152108,4.287,1017.66615
15,mutant_inr,-11,-6.73,27.92152108,4.287,1017.66615
15,mutant_inr,-2.02,-9.42,27.92152108,4.287,1017.66615
15,mutant_inr,0.313,-3.78,27.92152108,4.287,1017.66615
15,mutant_inr,9.73,-7.75,27.92152108,4.287,1017.66615
15,mutant_inr,19.2,-7.11,27.92152108,4.287,1017.66615
15,mutant_inr,23.7,-4.16,27.92152108,4.287,1017.66615
15,mutant_inr,24.4,0.0641,27.92152108,4.287,1017.66615
15,mutant_inr,22.7,2.5,27.92152108,4.287,1017.66615
15,mutant_inr,19.8,6.09,27.92152108,4.287,1017.66615
15,mutant_inr,5.11,6.73,27.92152108,4.287,1017.66615
15,mutant_inr,6.23,3.65,27.92152108,4.287,1017.66615
15,mutant_inr,2.62,0.833,27.92152108,4.287,1017.66615
16,mutant_inr,-0.986,22.8,28.67932083,3.689,979.9155
16,mutant_inr,-4.4,10.4,28.67932083,3.689,979.9155
16,mutant_inr,-9.22,19.4,28.67932083,3.689,979.9155
16,mutant_inr,-15.7,13.8,28.67932083,3.689,979.9155
16,mutant_inr,-25,9.28,28.67932083,3.689,979.9155
16,mutant_inr,-26.8,-1.7,28.67932083,3.689,979.9155
16,mutant_inr,-19.3,-7.43,28.67932083,3.689,979.9155
16,mutant_inr,-9.9,-6.12,28.67932083,3.689,979.9155
16,mutant_inr,-9.96,1.54,28.67932083,3.689,979.9155
16,mutant_inr,0.754,-7.08,28.67932083,3.689,979.9155
16,mutant_inr,12.9,-7.04,28.67932083,3.689,979.9155
16,mutant_inr,7.94,0.875,28.67932083,3.689,979.9155
16,mutant_inr,22.9,-3.39,28.67932083,3.689,979.9155
16,mutant_inr,26.1,1.85,28.67932083,3.689,979.9155
16,mutant_inr,16,8.39,28.67932083,3.689,979.9155
16,mutant_inr,8.74,12,28.67932083,3.689,979.9155
16,mutant_inr,7.47,21.3,28.67932083,3.689,979.9155
16,mutant_inr,17.1,24.5,28.67932083,3.689,979.9155
16,mutant_inr,19.4,15.3,28.67932083,3.689,979.9155
17,mutant_inr,1.78,19.5,29.1563915,5.433,1461.5915
17,mutant_inr,-1.72,11.1,29.1563915,5.433,1461.5915
17,mutant_inr,-2.53,2.79,29.1563915,5.433,1461.5915
17,mutant_inr,-6.63,-1.97,29.1563915,5.433,1461.5915
17,mutant_inr,-11.5,-5.03,29.1563915,5.433,1461.5915
17,mutant_inr,-17.8,-5.33,29.1563915,5.433,1461.5915
17,mutant_inr,-5.31,-15.1,29.1563915,5.433,1461.5915
17,mutant_inr,-2.93,-9.84,29.1563915,5.433,1461.5915
17,mutant_inr,0.264,-4.43,29.1563915,5.433,1461.5915
17,mutant_inr,5.81,-18.7,29.1563915,5.433,1461.5915
17,mutant_inr,6.86,-8.6,29.1563915,5.433,1461.5915
17,mutant_inr,5.68,5.49,29.1563915,5.433,1461.5915
17,mutant_inr,8.05,15.8,29.1563915,5.433,1461.5915
17,mutant_inr,14.1,13,29.1563915,5.433,1461.5915
17,mutant_inr,18,3.31,29.1563915,5.433,1461.5915
17,mutant_inr,15.2,-3.94,29.1563915,5.433,1461.5915
1,mutant_n,-15.5,14,36.62120508,4.945,1625.61725
1,mutant_n,-13.4,9.95,36.62120508,4.945,1625.61725
1,mutant_n,-6.35,4.51,36.62120508,4.945,1625.61725
1,mutant_n,-21,1.77,36.62120508,4.945,1625.61725
1,mutant_n,-15.1,4.03,36.62120508,4.945,1625.61725
1,mutant_n,-16.8,-6.67,36.62120508,4.945,1625.61725
1,mutant_n,-6.3,-3.66,36.62120508,4.945,1625.61725
1,mutant_n,-5.93,-10.1,36.62120508,4.945,1625.61725
1,mutant_n,-7.09,-13.8,36.62120508,4.945,1625.61725
1,mutant_n,5.02,-16,36.62120508,4.945,1625.61725
1,mutant_n,5.7,-10.4,36.62120508,4.945,1625.61725
1,mutant_n,14.3,-9.93,36.62120508,4.945,1625.61725
1,mutant_n,11.8,-2.92,36.62120508,4.945,1625.61725
1,mutant_n,18.5,-0.686,36.62120508,4.945,1625.61725
1,mutant_n,17.8,6.72,36.62120508,4.945,1625.61725
1,mutant_n,12.7,13.1,36.62120508,4.945,1625.61725
1,mutant_n,7.19,16.1,36.62120508,4.945,1625.61725
2,mutant_n,-3.13,11.5,36.51928592,4.471,1297.0555
2,mutant_n,-6.01,5.21,36.51928592,4.471,1297.0555
2,mutant_n,-0.374,-1.6,36.51928592,4.471,1297.0555
2,mutant_n,-18.3,6.92,36.51928592,4.471,1297.0555
2,mutant_n,-16.2,-1.08,36.51928592,4.471,1297.0555
2,mutant_n,-11.4,-11,36.51928592,4.471,1297.0555
2,mutant_n,-5.02,-15.4,36.51928592,4.471,1297.0555
2,mutant_n,2.91,-17.6,36.51928592,4.471,1297.0555
2,mutant_n,4.18,-10,36.51928592,4.471,1297.0555
2,mutant_n,12.1,-12.7,36.51928592,4.471,1297.0555
2,mutant_n,15.6,-5.37,36.51928592,4.471,1297.0555
2,mutant_n,19.2,1.83,36.51928592,4.471,1297.0555
2,mutant_n,19.3,9.04,36.51928592,4.471,1297.0555
2,mutant_n,18.3,14.2,36.51928592,4.471,1297.0555
2,mutant_n,14.8,19.7,36.51928592,4.471,1297.0555
3,mutant_n,-5.79,12.1,28.70115692,4.825,1218.5712
3,mutant_n,-16.7,-2.84,28.70115692,4.825,1218.5712
3,mutant_n,-15.1,-8.16,28.70115692,4.825,1218.5712
3,mutant_n,-12.4,-12.6,28.70115692,4.825,1218.5712
3,mutant_n,-7.32,-16,28.70115692,4.825,1218.5712
3,mutant_n,-1.05,-16.8,28.70115692,4.825,1218.5712
3,mutant_n,-0.766,-7.69,28.70115692,4.825,1218.5712
3,mutant_n,8.75,-12.9,28.70115692,4.825,1218.5712
3,mutant_n,14,-4.92,28.70115692,4.825,1218.5712
3,mutant_n,8.23,8.23,28.70115692,4.825,1218.5712
3,mutant_n,18.5,4.77,28.70115692,4.825,1218.5712
3,mutant_n,13.2,11.1,28.70115692,4.825,1218.5712
3,mutant_n,8.8,12.4,28.70115692,4.825,1218.5712
3,mutant_n,5.84,15.7,28.70115692,4.825,1218.5712
4,mutant_n,6.77,10.2,28.36303125,3.709,1274.1806
4,mutant_n,15.8,9.74,28.36303125,3.709,1274.1806
4,mutant_n,20,5.47,28.36303125,3.709,1274.1806
4,mutant_n,10.8,1.5,28.36303125,3.709,1274.1806
4,mutant_n,20.5,-6.34,28.36303125,3.709,1274.1806
4,mutant_n,13.8,-12,28.36303125,3.709,1274.1806
4,mutant_n,-0.945,-14.8,28.36303125,3.709,1274.1806
4,mutant_n,-1.14,-7.96,28.36303125,3.709,1274.1806
4,mutant_n,-8.96,-11.2,28.36303125,3.709,1274.1806
5,mutant_n,13,8.53,26.15487858,6.465,1280.60975
5,mutant_n,19.2,6.67,26.15487858,6.465,1280.60975
5,mutant_n,16.3,1.16,26.15487858,6.465,1280.60975
5,mutant_n,18.8,-8.8,26.15487858,6.465,1280.60975
5,mutant_n,10.2,-6.48,26.15487858,6.465,1280.60975
5,mutant_n,13.5,-14.4,26.15487858,6.465,1280.60975
5,mutant_n,7.8,-18.6,26.15487858,6.465,1280.60975
5,mutant_n,3.34,-13.5,26.15487858,6.465,1280.60975
5,mutant_n,-4.8,-16.5,26.15487858,6.465,1280.60975
5,mutant_n,-10.4,-11.7,26.15487858,6.465,1280.60975
5,mutant_n,-14.8,-8.78,26.15487858,6.465,1280.60975
5,mutant_n,-17.4,-2.92,26.15487858,6.465,1280.60975
5,mutant_n,-2.79,-3.7,26.15487858,6.465,1280.60975
5,mutant_n,-6.98,4.02,26.15487858,6.465,1280.60975
6,mutant_n,0.158,16.1,31.52433092,6.57,1330.6221
6,mutant_n,4.75,12.4,31.52433092,6.57,1330.6221
6,mutant_n,2.24,7.14,31.52433092,6.57,1330.6221
6,mutant_n,14.6,9.38,31.52433092,6.57,1330.6221
6,mutant_n,18.9,2.57,31.52433092,6.57,1330.6221
6,mutant_n,5.56,-0.452,31.52433092,6.57,1330.6221
6,mutant_n,17.3,-7.86,31.52433092,6.57,1330.6221
6,mutant_n,8.03,-17.3,31.52433092,6.57,1330.6221
6,mutant_n,-4.28,-16.4,31.52433092,6.57,1330.6221
6,mutant_n,-8.07,-7.81,31.52433092,6.57,1330.6221
6,mutant_n,-14.6,-12.3,31.52433092,6.57,1330.6221
6,mutant_n,-20,-7.29,31.52433092,6.57,1330.6221
6,mutant_n,-20.7,-1.67,31.52433092,6.57,1330.6221
9,mutant_n,-12.5,20.9,32.16846267,7.246,1704.1722
9,mutant_n,-16.2,10.9,32.16846267,7.246,1704.1722
9,mutant_n,-18.8,5.36,32.16846267,7.246,1704.1722
9,mutant_n,-17.1,-4.09,32.16846267,7.246,1704.1722
9,mutant_n,-10,-9.29,32.16846267,7.246,1704.1722
9,mutant_n,-1.84,-14.4,32.16846267,7.246,1704.1722
9,mutant_n,6.24,-14.9,32.16846267,7.246,1704.1722
9,mutant_n,13.4,-14.5,32.16846267,7.246,1704.1722
9,mutant_n,17.4,-8.72,32.16846267,7.246,1704.1722
9,mutant_n,21.1,1.5,32.16846267,7.246,1704.1722
9,mutant_n,19.5,10.8,32.16846267,7.246,1704.1722
9,mutant_n,15.9,17.2,32.16846267,7.246,1704.1722
9,mutant_n,5.29,22,32.16846267,7.246,1704.1722
10,mutant_n,-2.5,17.6,28.52139192,1.995,1373.63225
10,mutant_n,-3.14,5.41,28.52139192,1.995,1373.63225
10,mutant_n,-6.39,11,28.52139192,1.995,1373.63225
10,mutant_n,-12,15.5,28.52139192,1.995,1373.63225
10,mutant_n,-18.8,9.43,28.52139192,1.995,1373.63225
10,mutant_n,-20,-0.157,28.52139192,1.995,1373.63225
10,mutant_n,-14.3,-0.409,28.52139192,1.995,1373.63225
10,mutant_n,-18.9,-9.97,28.52139192,1.995,1373.63225
10,mutant_n,-9.2,-16.5,28.52139192,1.995,1373.63225
10,mutant_n,-4,-11.4,28.52139192,1.995,1373.63225
10,mutant_n,-5.94,-5.49,28.52139192,1.995,1373.63225
10,mutant_n,7.1,-15,28.52139192,1.995,1373.63225
10,mutant_n,9.45,-9.15,28.52139192,1.995,1373.63225
10,mutant_n,4.51,0.714,28.52139192,1.995,1373.63225
10,mutant_n,5.73,15.4,28.52139192,1.995,1373.63225
10,mutant_n,15.5,9.41,28.52139192,1.995,1373.63225
10,mutant_n,17.3,3.94,28.52139192,1.995,1373.63225
10,mutant_n,19.5,-1.56,28.52139192,1.995,1373.63225
10,mutant_n,19.3,-7.17,28.52139192,1.995,1373.63225
11,mutant_n,-4.01,14.2,32.77732175,6.131,1163.89595
11,mutant_n,-10.3,10.7,32.77732175,6.131,1163.89595
11,mutant_n,-15,5.13,32.77732175,6.131,1163.89595
11,mutant_n,-10.1,3.71,32.77732175,6.131,1163.89595
11,mutant_n,-13.5,-7.83,32.77732175,6.131,1163.89595
11,mutant_n,-5.75,-6.66,32.77732175,6.131,1163.89595
11,mutant_n,-4.61,-14.6,32.77732175,6.131,1163.89595
11,mutant_n,4.91,-4.74,32.77732175,6.131,1163.89595
11,mutant_n,6.77,-11.6,32.77732175,6.131,1163.89595
11,mutant_n,6.77,-16,32.77732175,6.131,1163.89595
11,mutant_n,15.3,-11.4,32.77732175,6.131,1163.89595
11,mutant_n,17.6,-6.83,32.77732175,6.131,1163.89595
11,mutant_n,18.6,1.62,32.77732175,6.131,1163.89595
11,mutant_n,11.6,10.5,32.77732175,6.131,1163.89595
11,mutant_n,4.48,12.6,32.77732175,6.131,1163.89595
